{"stats":{"minecraft:crafted":{"minecraft:brick":10,"minecraft:oak_planks":224,"minecraft:cobblestone_slab":6,"minecraft:oak_sign":3,"minecraft:birch_boat":4,"minecraft:stone":48,"minecraft:lever":2,"minecraft:repeater":2,"minecraft:bow":1,"minecraft:comparator":2,"minecraft:chest":3,"minecraft:oak_button":1,"minecraft:stone_hoe":1,"minecraft:flower_pot":2,"minecraft:oak_slab":18,"minecraft:wooden_shovel":1,"minecraft:crafting_table":11,"minecraft:wooden_pickaxe":3,"minecraft:birch_planks":272,"minecraft:dispenser":2,"minecraft:wooden_hoe":1,"minecraft:shield":1,"minecraft:stick":68,"minecraft:iron_ingot":100,"minecraft:iron_pickaxe":1,"minecraft:iron_block":10,"minecraft:stone_sword":1,"minecraft:redstone_torch":13,"minecraft:composter":2,"minecraft:shears":1,"minecraft:wooden_sword":2,"minecraft:oak_door":3,"minecraft:stone_shovel":5,"minecraft:furnace":1,"minecraft:bone_meal":48,"minecraft:oak_trapdoor":34,"minecraft:flint_and_steel":1,"minecraft:stone_pickaxe":14,"minecraft:minecart":1,"minecraft:observer":1,"minecraft:wheat":45,"minecraft:powered_rail":6,"minecraft:bowl":8,"minecraft:bucket":2,"minecraft:stone_axe":3,"minecraft:bread":37,"minecraft:air":0,"minecraft:oak_boat":3,"minecraft:wooden_axe":1,"minecraft:white_bed":5,"minecraft:acacia_planks":8,"minecraft:torch":20},"minecraft:custom":{"minecraft:interact_with_crafting_table":152,"minecraft:leave_game":12,"minecraft:time_since_death":11678,"minecraft:sprint_one_cm":2571214,"minecraft:damage_blocked_by_shield":1845,"minecraft:drop":303,"minecraft:talked_to_villager":22,"minecraft:play_time":769443,"minecraft:deaths":48,"minecraft:jump":11616,"minecraft:interact_with_brewingstand":3,"minecraft:walk_on_water_one_cm":91372,"minecraft:interact_with_furnace":40,"minecraft:interact_with_cartography_table":1,"minecraft:sleep_in_bed":26,"minecraft:damage_dealt":21038,"minecraft:player_kills":11,"minecraft:crouch_one_cm":120720,"minecraft:inspect_dispenser":8,"minecraft:mob_kills":100,"minecraft:climb_one_cm":425,"minecraft:walk_one_cm":2165428,"minecraft:sneak_time":50143,"minecraft:walk_under_water_one_cm":44036,"minecraft:boat_one_cm":3499415,"minecraft:total_world_time":769443,"minecraft:pot_flower":2,"minecraft:time_since_rest":11704,"minecraft:damage_taken":19291,"minecraft:minecart_one_cm":91,"minecraft:swim_one_cm":264092,"minecraft:fly_one_cm":2235633,"minecraft:open_chest":344,"minecraft:fall_one_cm":287969},"minecraft:broken":{"minecraft:stone_pickaxe":9,"minecraft:wooden_sword":1,"minecraft:stone_axe":2,"minecraft:wooden_axe":1,"minecraft:stone_shovel":2,"minecraft:leather_helmet":1,"minecraft:wooden_pickaxe":2,"minecraft:wooden_hoe":1},"minecraft:dropped":{"minecraft:oak_log":64,"minecraft:crafting_table":1,"minecraft:black_bed":1,"minecraft:dirt":1,"minecraft:dispenser":1,"minecraft:cornflower":1,"minecraft:bone_meal":3,"minecraft:white_wool":3,"minecraft:oak_door":1,"minecraft:gravel":12,"minecraft:stone_axe":1,"minecraft:cobbled_deepslate":5,"minecraft:yellow_wool":28,"minecraft:wheat":19,"minecraft:obsidian":8,"minecraft:blue_wool":15,"minecraft:oak_planks":11,"minecraft:azure_bluet":6,"minecraft:carrot":19,"minecraft:arrow":2,"minecraft:glass":23,"minecraft:dead_tube_coral_block":2,"minecraft:egg":60,"minecraft:stone_hoe":1,"minecraft:iron_ingot":8,"minecraft:bread":3,"minecraft:wheat_seeds":153,"minecraft:cobblestone":300,"minecraft:observer":1,"minecraft:mushroom_stew":10,"minecraft:stick":5,"minecraft:oxeye_daisy":1,"minecraft:lava_bucket":1,"minecraft:iron_block":10,"minecraft:diorite":65,"minecraft:repeater":1,"minecraft:string":7,"minecraft:dandelion":14,"minecraft:redstone":16,"minecraft:furnace":1,"minecraft:kelp":64,"minecraft:raw_copper":12,"minecraft:bowl":4,"minecraft:stone_shovel":2,"minecraft:white_carpet":4,"minecraft:comparator":2,"minecraft:shears":2,"minecraft:stone":30,"minecraft:diamond_pickaxe":1,"minecraft:oak_sapling":8,"minecraft:spider_eye":2,"minecraft:stone_pickaxe":3,"minecraft:brick":5},"minecraft:picked_up":{"minecraft:wooden_axe":1,"minecraft:seagrass":32,"minecraft:wheat":62,"minecraft:yellow_wool":1,"minecraft:smithing_table":1,"minecraft:string":10,"minecraft:dead_tube_coral_block":3,"minecraft:raw_copper":24,"minecraft:gold_nugget":5,"minecraft:cobbled_deepslate":147,"minecraft:cobblestone_slab":9,"minecraft:azalea":2,"minecraft:melon_slice":11,"minecraft:furnace":3,"minecraft:stick":34,"minecraft:oak_fence":5,"minecraft:torch":8,"minecraft:acacia_log":2,"minecraft:porkchop":3,"minecraft:diorite":407,"minecraft:rotten_flesh":32,"minecraft:obsidian":8,"minecraft:cobblestone":1002,"minecraft:birch_log":94,"minecraft:water_bucket":1,"minecraft:andesite":36,"minecraft:black_bed":3,"minecraft:flint":8,"minecraft:tuff":4,"minecraft:lapis_lazuli":23,"minecraft:dirt":447,"minecraft:bone":18,"minecraft:glass":33,"minecraft:acacia_planks":1,"minecraft:bow":1,"minecraft:wheat_seeds":247,"minecraft:raw_gold":3,"minecraft:powered_rail":1,"minecraft:stone_hoe":1,"minecraft:oak_planks":14,"minecraft:cooked_porkchop":15,"minecraft:sand":18,"minecraft:crossbow":1,"minecraft:granite":11,"minecraft:oak_sapling":24,"minecraft:diamond_pickaxe":1,"minecraft:crafting_table":18,"minecraft:azure_bluet":9,"minecraft:clay_ball":12,"minecraft:brick":5,"minecraft:shield":1,"minecraft:cornflower":5,"minecraft:oak_trapdoor":1,"minecraft:flint_and_steel":3,"minecraft:white_carpet":2,"minecraft:beef":6,"minecraft:oak_boat":15,"minecraft:poppy":3,"minecraft:light_gray_wool":2,"minecraft:minecart":7,"minecraft:birch_sapling":26,"minecraft:chest":1,"minecraft:egg":155,"minecraft:sandstone":8,"minecraft:raw_iron":12,"minecraft:orange_dye":1,"minecraft:oak_door":5,"minecraft:bowl":6,"minecraft:carrot":103,"minecraft:redstone":37,"minecraft:arrow":25,"minecraft:stone_shovel":1,"minecraft:shears":3,"minecraft:hay_block":5,"minecraft:mutton":11,"minecraft:white_wool":26,"minecraft:rail":23,"minecraft:oxeye_daisy":1,"minecraft:crimson_stem":45,"minecraft:leather":9,"minecraft:birch_planks":45,"minecraft:mushroom_stew":6,"minecraft:oak_log":140,"minecraft:gunpowder":3,"minecraft:cooked_mutton":10,"minecraft:apple":1,"minecraft:kelp":63,"minecraft:iron_ingot":22,"minecraft:stone_pickaxe":5,"minecraft:pink_bed":4,"minecraft:oak_slab":9,"minecraft:warped_fungus":2,"minecraft:birch_boat":16,"minecraft:quartz":27,"minecraft:dandelion":15,"minecraft:gravel":79,"minecraft:white_bed":12,"minecraft:spider_eye":5,"minecraft:leather_helmet":1,"minecraft:pumpkin_seeds":2,"minecraft:stone_axe":1,"minecraft:dead_bubble_coral_block":1,"minecraft:oak_button":1,"minecraft:coal":33},"minecraft:killed":{"minecraft:spider":3,"minecraft:skeleton":14,"minecraft:piglin":1,"minecraft:pig":8,"minecraft:iron_golem":3,"minecraft:creeper":1,"minecraft:sheep":16,"minecraft:pillager":15,"minecraft:zombie":26,"minecraft:cow":4,"minecraft:villager":4,"minecraft:enderman":1},"minecraft:killed_by":{"minecraft:pillager":2,"minecraft:zombie":3,"minecraft:player":19,"minecraft:spider":1,"minecraft:enderman":2,"minecraft:hoglin":1,"minecraft:skeleton":5},"minecraft:used":{"minecraft:dispenser":1,"minecraft:oak_sign":1,"minecraft:chest":4,"minecraft:shield":32,"minecraft:stone":2,"minecraft:rotten_flesh":37,"minecraft:mutton":11,"minecraft:carrot":115,"minecraft:tuff":4,"minecraft:glass":10,"minecraft:lava_bucket":12,"minecraft:birch_sapling":12,"minecraft:repeater":1,"minecraft:warped_fungus":2,"minecraft:furnace":2,"minecraft:egg":148,"minecraft:seagrass":1,"minecraft:diorite":232,"minecraft:stone_pickaxe":1352,"minecraft:powered_rail":5,"minecraft:oak_planks":28,"minecraft:wooden_pickaxe":175,"minecraft:composter":2,"minecraft:sand":2,"minecraft:mushroom_stew":59,"minecraft:crossbow":35,"minecraft:black_bed":3,"minecraft:pumpkin_seeds":1,"minecraft:redstone_torch":1,"minecraft:lever":2,"minecraft:melon_slice":2,"minecraft:bread":42,"minecraft:string":1,"minecraft:gravel":19,"minecraft:wooden_sword":88,"minecraft:andesite":6,"minecraft:oak_boat":17,"minecraft:tropical_fish_bucket":1,"minecraft:bone_meal":45,"minecraft:experience_bottle":1,"minecraft:oak_fence":5,"minecraft:oak_trapdoor":35,"minecraft:stone_sword":103,"minecraft:dead_tube_coral_block":1,"minecraft:flint_and_steel":43,"minecraft:stone_shovel":313,"minecraft:wooden_shovel":13,"minecraft:stone_hoe":101,"minecraft:oak_door":6,"minecraft:torch":28,"minecraft:dirt":380,"minecraft:wooden_axe":41,"minecraft:beef":6,"minecraft:minecart":3,"minecraft:acacia_planks":1,"minecraft:cobbled_deepslate":35,"minecraft:crimson_stem":3,"minecraft:wheat_seeds":18,"minecraft:cooked_mutton":10,"minecraft:water_bucket":44,"minecraft:birch_planks":199,"minecraft:birch_boat":19,"minecraft:cobblestone_slab":11,"minecraft:rail":33,"minecraft:oak_slab":4,"minecraft:crafting_table":26,"minecraft:spider_eye":2,"minecraft:white_bed":15,"minecraft:oak_log":20,"minecraft:wooden_hoe":64,"minecraft:flower_pot":2,"minecraft:diamond_pickaxe":12,"minecraft:apple":1,"minecraft:oak_button":2,"minecraft:iron_pickaxe":15,"minecraft:stone_axe":304,"minecraft:pink_bed":4,"minecraft:fishing_rod":4,"minecraft:cobblestone":220,"minecraft:porkchop":3,"minecraft:cooked_porkchop":15,"minecraft:bucket":58},"minecraft:mined":{"minecraft:white_bed":8,"minecraft:farmland":2,"minecraft:pink_bed":3,"minecraft:obsidian":10,"minecraft:granite":11,"minecraft:acacia_log":2,"minecraft:grass_block":225,"minecraft:oxeye_daisy":1,"minecraft:tall_seagrass":15,"minecraft:iron_ore":9,"minecraft:fire":35,"minecraft:deepslate_lapis_ore":2,"minecraft:azure_bluet":3,"minecraft:dirt_path":1,"minecraft:tripwire":1,"minecraft:deepslate_redstone_ore":1,"minecraft:kelp_plant":12,"minecraft:clay":3,"minecraft:torch":1,"minecraft:melon":2,"minecraft:chest":1,"minecraft:glass":3,"minecraft:cobblestone":55,"minecraft:oak_planks":1,"minecraft:wall_torch":2,"minecraft:birch_sapling":4,"minecraft:seagrass":14,"minecraft:birch_log":57,"minecraft:wheat":41,"minecraft:black_bed":1,"minecraft:warped_fungus":2,"minecraft:oak_log":140,"minecraft:sand":15,"minecraft:dirt":150,"minecraft:oak_leaves":21,"minecraft:deepslate":185,"minecraft:tuff":16,"minecraft:oak_door":4,"minecraft:kelp":10,"minecraft:sandstone":8,"minecraft:crimson_stem":46,"minecraft:hay_block":5,"minecraft:oak_trapdoor":1,"minecraft:furnace":3,"minecraft:carrots":40,"minecraft:andesite":33,"minecraft:peony":1,"minecraft:deepslate_iron_ore":3,"minecraft:cobblestone_slab":8,"minecraft:rail":11,"minecraft:stone":764,"minecraft:smithing_table":1,"minecraft:oak_slab":4,"minecraft:dandelion":8,"minecraft:oak_fence":5,"minecraft:crafting_table":18,"minecraft:cornflower":2,"minecraft:short_grass":48,"minecraft:tall_grass":36,"minecraft:copper_ore":3,"minecraft:lapis_ore":4,"minecraft:diorite":337,"minecraft:birch_planks":3,"minecraft:birch_leaves":7,"minecraft:coal_ore":12,"minecraft:gravel":64,"minecraft:acacia_planks":1}},"DataVersion":3953}