{"stats":{"minecraft:mined":{"minecraft:tuff":14,"minecraft:white_bed":1,"minecraft:crafting_table":5,"minecraft:short_grass":9,"minecraft:grass_block":10,"minecraft:birch_sapling":4,"minecraft:birch_log":49,"minecraft:iron_ore":7,"minecraft:andesite":16,"minecraft:birch_leaves":7,"minecraft:deepslate_lapis_ore":2,"minecraft:deepslate_iron_ore":1,"minecraft:gravel":6,"minecraft:dirt":5,"minecraft:stone":133,"minecraft:deepslate":110},"minecraft:killed":{"minecraft:pig":2,"minecraft:creeper":1,"minecraft:sheep":6,"minecraft:zombie":10,"minecraft:cow":1},"minecraft:custom":{"minecraft:interact_with_furnace":5,"minecraft:mob_kills":20,"minecraft:interact_with_crafting_table":25,"minecraft:leave_game":2,"minecraft:time_since_death":12886,"minecraft:sleep_in_bed":1,"minecraft:time_since_rest":12910,"minecraft:sprint_one_cm":207059,"minecraft:damage_taken":2035,"minecraft:walk_one_cm":367788,"minecraft:damage_dealt":3700,"minecraft:swim_one_cm":33089,"minecraft:fly_one_cm":199705,"minecraft:player_kills":2,"minecraft:open_chest":4,"minecraft:crouch_one_cm":6921,"minecraft:play_time":77949,"minecraft:deaths":6,"minecraft:sneak_time":4098,"minecraft:walk_under_water_one_cm":8014,"minecraft:boat_one_cm":9945,"minecraft:jump":1108,"minecraft:walk_on_water_one_cm":5850,"minecraft:total_world_time":77949,"minecraft:fall_one_cm":28528},"minecraft:broken":{"minecraft:stone_pickaxe":1,"minecraft:wooden_pickaxe":1},"minecraft:used":{"minecraft:stone_pickaxe":232,"minecraft:wooden_pickaxe":59,"minecraft:birch_boat":2,"minecraft:wooden_shovel":13,"minecraft:rotten_flesh":9,"minecraft:dirt":18,"minecraft:mutton":7,"minecraft:crafting_table":8,"minecraft:carrot":1,"minecraft:white_bed":2,"minecraft:wooden_axe":4,"minecraft:bread":5,"minecraft:birch_sapling":12,"minecraft:gravel":2,"minecraft:wooden_sword":58,"minecraft:fishing_rod":4,"minecraft:beef":3,"minecraft:porkchop":3,"minecraft:andesite":3,"minecraft:cobbled_deepslate":12},"minecraft:killed_by":{"minecraft:skeleton":2,"minecraft:spider":1},"minecraft:crafted":{"minecraft:wooden_sword":2,"minecraft:wooden_shovel":1,"minecraft:crafting_table":5,"minecraft:birch_boat":1,"minecraft:wooden_pickaxe":1,"minecraft:birch_planks":56,"minecraft:bread":5,"minecraft:air":0,"minecraft:stick":4,"minecraft:iron_ingot":1,"minecraft:stone_pickaxe":3,"minecraft:wooden_axe":1,"minecraft:white_bed":2},"minecraft:picked_up":{"minecraft:wooden_axe":1,"minecraft:birch_log":86,"minecraft:crafting_table":5,"minecraft:wheat":9,"minecraft:andesite":19,"minecraft:leather":8,"minecraft:birch_planks":17,"minecraft:flint":1,"minecraft:tuff":4,"minecraft:shield":1,"minecraft:gunpowder":1,"minecraft:dirt":31,"minecraft:cobbled_deepslate":75,"minecraft:wheat_seeds":2,"minecraft:gold_nugget":5,"minecraft:raw_gold":3,"minecraft:beef":3,"minecraft:iron_ingot":4,"minecraft:stone_pickaxe":2,"minecraft:birch_sapling":26,"minecraft:stick":13,"minecraft:raw_iron":8,"minecraft:orange_dye":1,"minecraft:birch_boat":2,"minecraft:gravel":16,"minecraft:porkchop":3,"minecraft:diorite":16,"minecraft:white_bed":2,"minecraft:carrot":1,"minecraft:rotten_flesh":9,"minecraft:stone_shovel":1,"minecraft:mutton":7,"minecraft:coal":21,"minecraft:white_wool":6,"minecraft:cobblestone":123}},"DataVersion":3953}