{"stats":{"minecraft:killed":{"minecraft:spider":1,"minecraft:skeleton":6,"minecraft:pig":8,"minecraft:iron_golem":3,"minecraft:creeper":1,"minecraft:sheep":13,"minecraft:pillager":10,"minecraft:zombie":15,"minecraft:cow":4},"minecraft:dropped":{"minecraft:bread":3,"minecraft:wheat_seeds":11,"minecraft:crafting_table":1,"minecraft:black_bed":1,"minecraft:stick":2,"minecraft:dirt":1,"minecraft:bone_meal":3,"minecraft:string":4,"minecraft:oak_door":1,"minecraft:gravel":4,"minecraft:furnace":1,"minecraft:kelp":64,"minecraft:shears":1,"minecraft:spider_eye":2,"minecraft:arrow":2,"minecraft:dead_tube_coral_block":2},"minecraft:killed_by":{"minecraft:player":3,"minecraft:spider":1,"minecraft:pillager":1,"minecraft:skeleton":4,"minecraft:zombie":1},"minecraft:custom":{"minecraft:mob_kills":64,"minecraft:interact_with_crafting_table":63,"minecraft:leave_game":7,"minecraft:time_since_death":9534,"minecraft:sprint_one_cm":1083153,"minecraft:walk_one_cm":947502,"minecraft:damage_blocked_by_shield":1245,"minecraft:drop":20,"minecraft:play_time":374492,"minecraft:deaths":19,"minecraft:sneak_time":14188,"minecraft:walk_under_water_one_cm":38084,"minecraft:boat_one_cm":3230500,"minecraft:interact_with_brewingstand":1,"minecraft:jump":6137,"minecraft:walk_on_water_one_cm":57609,"minecraft:total_world_time":374492,"minecraft:interact_with_furnace":11,"minecraft:interact_with_cartography_table":1,"minecraft:sleep_in_bed":12,"minecraft:time_since_rest":1499,"minecraft:damage_taken":8840,"minecraft:damage_dealt":13216,"minecraft:swim_one_cm":238635,"minecraft:fly_one_cm":1333083,"minecraft:player_kills":2,"minecraft:open_chest":46,"minecraft:crouch_one_cm":31577,"minecraft:fall_one_cm":143145},"minecraft:broken":{"minecraft:leather_helmet":1,"minecraft:wooden_pickaxe":1,"minecraft:stone_pickaxe":2,"minecraft:wooden_sword":1,"minecraft:stone_axe":1,"minecraft:wooden_axe":1,"minecraft:stone_shovel":2},"minecraft:picked_up":{"minecraft:wooden_axe":1,"minecraft:seagrass":32,"minecraft:crafting_table":15,"minecraft:wheat":56,"minecraft:azure_bluet":1,"minecraft:smithing_table":1,"minecraft:shield":1,"minecraft:cornflower":1,"minecraft:string":4,"minecraft:dead_tube_coral_block":3,"minecraft:raw_copper":12,"minecraft:cobbled_deepslate":77,"minecraft:gold_nugget":5,"minecraft:beef":6,"minecraft:azalea":2,"minecraft:poppy":3,"minecraft:light_gray_wool":2,"minecraft:melon_slice":11,"minecraft:birch_sapling":26,"minecraft:furnace":3,"minecraft:egg":2,"minecraft:sandstone":8,"minecraft:stick":23,"minecraft:raw_iron":10,"minecraft:orange_dye":1,"minecraft:oak_door":1,"minecraft:torch":1,"minecraft:acacia_log":2,"minecraft:porkchop":3,"minecraft:diorite":16,"minecraft:carrot":2,"minecraft:rotten_flesh":18,"minecraft:stone_shovel":1,"minecraft:arrow":9,"minecraft:shears":1,"minecraft:hay_block":5,"minecraft:mutton":8,"minecraft:cobblestone":181,"minecraft:white_wool":11,"minecraft:birch_log":94,"minecraft:andesite":19,"minecraft:black_bed":1,"minecraft:leather":9,"minecraft:birch_planks":45,"minecraft:flint":3,"minecraft:tuff":4,"minecraft:oak_log":68,"minecraft:gunpowder":1,"minecraft:dirt":304,"minecraft:cooked_mutton":10,"minecraft:bone":8,"minecraft:kelp":63,"minecraft:wheat_seeds":162,"minecraft:raw_gold":3,"minecraft:stone_pickaxe":2,"minecraft:iron_ingot":15,"minecraft:oak_planks":1,"minecraft:cooked_porkchop":15,"minecraft:birch_boat":15,"minecraft:gravel":30,"minecraft:sand":10,"minecraft:white_bed":8,"minecraft:spider_eye":4,"minecraft:leather_helmet":1,"minecraft:dead_bubble_coral_block":1,"minecraft:crossbow":1,"minecraft:oak_sapling":8,"minecraft:coal":24},"minecraft:used":{"minecraft:stone_sword":96,"minecraft:dead_tube_coral_block":1,"minecraft:flint_and_steel":36,"minecraft:stone_shovel":270,"minecraft:chest":2,"minecraft:shield":20,"minecraft:wooden_shovel":13,"minecraft:rotten_flesh":24,"minecraft:torch":1,"minecraft:dirt":197,"minecraft:mutton":8,"minecraft:carrot":1,"minecraft:tuff":4,"minecraft:wooden_axe":41,"minecraft:birch_sapling":12,"minecraft:beef":6,"minecraft:furnace":2,"minecraft:egg":1,"minecraft:cobbled_deepslate":34,"minecraft:wheat_seeds":15,"minecraft:cooked_mutton":10,"minecraft:water_bucket":1,"minecraft:birch_planks":199,"minecraft:stone_pickaxe":305,"minecraft:wooden_pickaxe":76,"minecraft:birch_boat":18,"minecraft:sand":2,"minecraft:crafting_table":17,"minecraft:spider_eye":2,"minecraft:crossbow":2,"minecraft:white_bed":10,"minecraft:oak_log":16,"minecraft:wooden_hoe":40,"minecraft:melon_slice":2,"minecraft:bread":42,"minecraft:gravel":12,"minecraft:stone_axe":105,"minecraft:fishing_rod":4,"minecraft:wooden_sword":88,"minecraft:cobblestone":48,"minecraft:porkchop":3,"minecraft:cooked_porkchop":15,"minecraft:andesite":6,"minecraft:bucket":2,"minecraft:oak_boat":2,"minecraft:tropical_fish_bucket":1,"minecraft:experience_bottle":1},"minecraft:crafted":{"minecraft:wooden_sword":2,"minecraft:oak_planks":36,"minecraft:stone_shovel":3,"minecraft:birch_boat":4,"minecraft:furnace":1,"minecraft:bone_meal":3,"minecraft:flint_and_steel":1,"minecraft:stone_pickaxe":6,"minecraft:chest":2,"minecraft:wheat":45,"minecraft:wooden_shovel":1,"minecraft:crafting_table":6,"minecraft:wooden_pickaxe":2,"minecraft:birch_planks":272,"minecraft:stone_axe":1,"minecraft:bread":37,"minecraft:air":0,"minecraft:oak_boat":2,"minecraft:wooden_hoe":1,"minecraft:shield":1,"minecraft:stick":16,"minecraft:iron_ingot":3,"minecraft:wooden_axe":1,"minecraft:stone_sword":1,"minecraft:white_bed":4},"minecraft:mined":{"minecraft:tuff":16,"minecraft:white_bed":7,"minecraft:farmland":2,"minecraft:acacia_log":2,"minecraft:grass_block":211,"minecraft:kelp":10,"minecraft:sandstone":8,"minecraft:hay_block":5,"minecraft:tall_seagrass":15,"minecraft:furnace":3,"minecraft:iron_ore":9,"minecraft:fire":32,"minecraft:andesite":16,"minecraft:deepslate_lapis_ore":2,"minecraft:azure_bluet":1,"minecraft:deepslate_iron_ore":1,"minecraft:dirt_path":1,"minecraft:stone":189,"minecraft:smithing_table":1,"minecraft:kelp_plant":12,"minecraft:crafting_table":14,"minecraft:short_grass":41,"minecraft:melon":2,"minecraft:tall_grass":30,"minecraft:copper_ore":3,"minecraft:cobblestone":1,"minecraft:oak_planks":1,"minecraft:birch_sapling":4,"minecraft:seagrass":13,"minecraft:birch_planks":3,"minecraft:birch_log":57,"minecraft:wheat":39,"minecraft:birch_leaves":7,"minecraft:oak_log":68,"minecraft:coal_ore":3,"minecraft:gravel":18,"minecraft:sand":10,"minecraft:dirt":35,"minecraft:oak_leaves":9,"minecraft:deepslate":112}},"DataVersion":3953}