{"stats":{"minecraft:mined":{"minecraft:tuff":16,"minecraft:white_bed":7,"minecraft:farmland":1,"minecraft:grass_block":196,"minecraft:kelp":10,"minecraft:sandstone":8,"minecraft:hay_block":5,"minecraft:tall_seagrass":15,"minecraft:furnace":3,"minecraft:iron_ore":9,"minecraft:fire":32,"minecraft:andesite":16,"minecraft:deepslate_lapis_ore":2,"minecraft:deepslate_iron_ore":1,"minecraft:dirt_path":1,"minecraft:stone":163,"minecraft:kelp_plant":12,"minecraft:crafting_table":14,"minecraft:short_grass":28,"minecraft:tall_grass":26,"minecraft:birch_sapling":4,"minecraft:seagrass":13,"minecraft:birch_planks":3,"minecraft:birch_log":57,"minecraft:wheat":39,"minecraft:birch_leaves":7,"minecraft:oak_log":68,"minecraft:gravel":18,"minecraft:sand":2,"minecraft:dirt":14,"minecraft:oak_leaves":9,"minecraft:deepslate":112},"minecraft:killed":{"minecraft:spider":1,"minecraft:skeleton":2,"minecraft:pig":8,"minecraft:iron_golem":2,"minecraft:creeper":1,"minecraft:sheep":13,"minecraft:pillager":10,"minecraft:zombie":11,"minecraft:cow":4},"minecraft:custom":{"minecraft:mob_kills":55,"minecraft:interact_with_crafting_table":48,"minecraft:leave_game":3,"minecraft:time_since_death":2525,"minecraft:sprint_one_cm":732699,"minecraft:walk_one_cm":653419,"minecraft:damage_blocked_by_shield":1065,"minecraft:drop":15,"minecraft:play_time":221634,"minecraft:deaths":12,"minecraft:sneak_time":11753,"minecraft:walk_under_water_one_cm":34828,"minecraft:boat_one_cm":758749,"minecraft:jump":3905,"minecraft:walk_on_water_one_cm":48472,"minecraft:total_world_time":221634,"minecraft:interact_with_furnace":10,"minecraft:interact_with_cartography_table":1,"minecraft:sleep_in_bed":6,"minecraft:time_since_rest":2556,"minecraft:damage_taken":5968,"minecraft:damage_dealt":10418,"minecraft:fly_one_cm":751921,"minecraft:swim_one_cm":222722,"minecraft:player_kills":2,"minecraft:open_chest":23,"minecraft:crouch_one_cm":25944,"minecraft:fall_one_cm":98056},"minecraft:broken":{"minecraft:wooden_pickaxe":1,"minecraft:stone_pickaxe":2,"minecraft:wooden_sword":1,"minecraft:wooden_axe":1,"minecraft:stone_shovel":1},"minecraft:used":{"minecraft:stone_sword":96,"minecraft:dead_tube_coral_block":1,"minecraft:flint_and_steel":36,"minecraft:stone_shovel":201,"minecraft:chest":2,"minecraft:shield":17,"minecraft:wooden_shovel":13,"minecraft:rotten_flesh":13,"minecraft:dirt":79,"minecraft:mutton":8,"minecraft:carrot":1,"minecraft:tuff":4,"minecraft:wooden_axe":41,"minecraft:birch_sapling":12,"minecraft:beef":6,"minecraft:furnace":2,"minecraft:egg":1,"minecraft:cobbled_deepslate":34,"minecraft:cooked_mutton":10,"minecraft:birch_planks":199,"minecraft:stone_pickaxe":282,"minecraft:birch_boat":10,"minecraft:wooden_pickaxe":59,"minecraft:sand":2,"minecraft:crafting_table":16,"minecraft:spider_eye":1,"minecraft:crossbow":2,"minecraft:white_bed":9,"minecraft:bread":21,"minecraft:gravel":12,"minecraft:stone_axe":100,"minecraft:fishing_rod":4,"minecraft:wooden_sword":88,"minecraft:cobblestone":38,"minecraft:cooked_porkchop":15,"minecraft:porkchop":3,"minecraft:andesite":6,"minecraft:experience_bottle":1},"minecraft:killed_by":{"minecraft:spider":1,"minecraft:pillager":1,"minecraft:skeleton":3},"minecraft:dropped":{"minecraft:wheat_seeds":11,"minecraft:crafting_table":1,"minecraft:black_bed":1,"minecraft:stick":1,"minecraft:dirt":1,"minecraft:string":4,"minecraft:oak_door":1,"minecraft:gravel":4,"minecraft:furnace":1,"minecraft:kelp":64,"minecraft:shears":1,"minecraft:spider_eye":1,"minecraft:dead_tube_coral_block":2},"minecraft:crafted":{"minecraft:wooden_sword":2,"minecraft:oak_planks":16,"minecraft:stone_shovel":2,"minecraft:birch_boat":3,"minecraft:furnace":1,"minecraft:flint_and_steel":1,"minecraft:stone_pickaxe":4,"minecraft:chest":2,"minecraft:wooden_shovel":1,"minecraft:crafting_table":6,"minecraft:wooden_pickaxe":1,"minecraft:birch_planks":272,"minecraft:stone_axe":1,"minecraft:bread":22,"minecraft:air":0,"minecraft:shield":1,"minecraft:stick":8,"minecraft:iron_ingot":3,"minecraft:wooden_axe":1,"minecraft:stone_sword":1,"minecraft:white_bed":3},"minecraft:picked_up":{"minecraft:wooden_axe":1,"minecraft:seagrass":32,"minecraft:crafting_table":15,"minecraft:wheat":43,"minecraft:shield":1,"minecraft:cornflower":1,"minecraft:string":4,"minecraft:dead_tube_coral_block":3,"minecraft:gold_nugget":5,"minecraft:cobbled_deepslate":77,"minecraft:beef":6,"minecraft:azalea":2,"minecraft:poppy":3,"minecraft:light_gray_wool":2,"minecraft:birch_sapling":26,"minecraft:egg":1,"minecraft:furnace":3,"minecraft:sandstone":8,"minecraft:orange_dye":1,"minecraft:stick":22,"minecraft:raw_iron":10,"minecraft:oak_door":1,"minecraft:porkchop":3,"minecraft:diorite":16,"minecraft:carrot":1,"minecraft:rotten_flesh":13,"minecraft:stone_shovel":1,"minecraft:arrow":3,"minecraft:shears":1,"minecraft:hay_block":5,"minecraft:mutton":8,"minecraft:white_wool":11,"minecraft:cobblestone":153,"minecraft:birch_log":94,"minecraft:andesite":19,"minecraft:leather":9,"minecraft:black_bed":1,"minecraft:birch_planks":45,"minecraft:flint":3,"minecraft:tuff":4,"minecraft:oak_log":68,"minecraft:gunpowder":1,"minecraft:dirt":236,"minecraft:cooked_mutton":10,"minecraft:bone":3,"minecraft:kelp":63,"minecraft:wheat_seeds":152,"minecraft:raw_gold":3,"minecraft:stone_pickaxe":2,"minecraft:iron_ingot":12,"minecraft:cooked_porkchop":15,"minecraft:birch_boat":8,"minecraft:gravel":30,"minecraft:sand":2,"minecraft:white_bed":8,"minecraft:spider_eye":3,"minecraft:leather_helmet":1,"minecraft:dead_bubble_coral_block":1,"minecraft:crossbow":1,"minecraft:oak_sapling":8,"minecraft:coal":21}},"DataVersion":3953}