{"stats":{"minecraft:mined":{"minecraft:tuff":16,"minecraft:farmland":1,"minecraft:white_bed":7,"minecraft:kelp_plant":12,"minecraft:crafting_table":14,"minecraft:short_grass":17,"minecraft:grass_block":13,"minecraft:tall_grass":4,"minecraft:kelp":10,"minecraft:tall_seagrass":15,"minecraft:sandstone":8,"minecraft:seagrass":13,"minecraft:hay_block":5,"minecraft:birch_planks":1,"minecraft:birch_sapling":4,"minecraft:furnace":3,"minecraft:wheat":39,"minecraft:fire":32,"minecraft:birch_log":57,"minecraft:iron_ore":9,"minecraft:andesite":16,"minecraft:birch_leaves":7,"minecraft:deepslate_lapis_ore":2,"minecraft:dirt_path":1,"minecraft:deepslate_iron_ore":1,"minecraft:sand":2,"minecraft:gravel":18,"minecraft:dirt":11,"minecraft:stone":163,"minecraft:oak_leaves":1,"minecraft:deepslate":112},"minecraft:killed":{"minecraft:pig":8,"minecraft:iron_golem":2,"minecraft:creeper":1,"minecraft:skeleton":2,"minecraft:sheep":13,"minecraft:pillager":8,"minecraft:zombie":11,"minecraft:cow":4},"minecraft:custom":{"minecraft:interact_with_furnace":10,"minecraft:mob_kills":52,"minecraft:interact_with_cartography_table":1,"minecraft:interact_with_crafting_table":41,"minecraft:leave_game":2,"minecraft:time_since_death":2126,"minecraft:sleep_in_bed":5,"minecraft:time_since_rest":2163,"minecraft:sprint_one_cm":544684,"minecraft:damage_taken":4950,"minecraft:walk_one_cm":539034,"minecraft:damage_blocked_by_shield":795,"minecraft:drop":12,"minecraft:damage_dealt":9758,"minecraft:swim_one_cm":198943,"minecraft:fly_one_cm":574261,"minecraft:player_kills":2,"minecraft:open_chest":18,"minecraft:crouch_one_cm":9669,"minecraft:play_time":173949,"minecraft:deaths":9,"minecraft:sneak_time":6458,"minecraft:walk_under_water_one_cm":31121,"minecraft:boat_one_cm":448510,"minecraft:jump":3069,"minecraft:walk_on_water_one_cm":39946,"minecraft:total_world_time":173949,"minecraft:fall_one_cm":73486},"minecraft:broken":{"minecraft:stone_pickaxe":2,"minecraft:wooden_sword":1,"minecraft:wooden_axe":1,"minecraft:wooden_pickaxe":1},"minecraft:used":{"minecraft:cooked_mutton":10,"minecraft:stone_sword":96,"minecraft:flint_and_steel":36,"minecraft:birch_planks":199,"minecraft:stone_pickaxe":282,"minecraft:shield":13,"minecraft:wooden_pickaxe":59,"minecraft:birch_boat":8,"minecraft:wooden_shovel":13,"minecraft:rotten_flesh":13,"minecraft:dirt":25,"minecraft:sand":2,"minecraft:mutton":8,"minecraft:crafting_table":16,"minecraft:crossbow":1,"minecraft:carrot":1,"minecraft:spider_eye":1,"minecraft:white_bed":9,"minecraft:tuff":4,"minecraft:wooden_axe":41,"minecraft:bread":13,"minecraft:birch_sapling":12,"minecraft:gravel":12,"minecraft:stone_axe":19,"minecraft:wooden_sword":88,"minecraft:fishing_rod":4,"minecraft:cobblestone":38,"minecraft:beef":6,"minecraft:cooked_porkchop":15,"minecraft:furnace":2,"minecraft:porkchop":3,"minecraft:andesite":6,"minecraft:cobbled_deepslate":34,"minecraft:experience_bottle":1},"minecraft:killed_by":{"minecraft:skeleton":2,"minecraft:spider":1,"minecraft:pillager":1},"minecraft:crafted":{"minecraft:wooden_sword":2,"minecraft:wooden_shovel":1,"minecraft:crafting_table":6,"minecraft:birch_boat":3,"minecraft:wooden_pickaxe":1,"minecraft:furnace":1,"minecraft:birch_planks":272,"minecraft:stone_axe":1,"minecraft:bread":22,"minecraft:air":0,"minecraft:flint_and_steel":1,"minecraft:shield":1,"minecraft:stick":8,"minecraft:iron_ingot":3,"minecraft:stone_pickaxe":4,"minecraft:wooden_axe":1,"minecraft:stone_sword":1,"minecraft:white_bed":3},"minecraft:dropped":{"minecraft:furnace":1,"minecraft:kelp":64,"minecraft:wheat_seeds":11,"minecraft:crafting_table":1,"minecraft:black_bed":1,"minecraft:shears":1,"minecraft:stick":1,"minecraft:dirt":1,"minecraft:string":4,"minecraft:gravel":4},"minecraft:picked_up":{"minecraft:wooden_axe":1,"minecraft:birch_log":94,"minecraft:seagrass":32,"minecraft:crafting_table":15,"minecraft:wheat":43,"minecraft:andesite":19,"minecraft:black_bed":1,"minecraft:leather":9,"minecraft:birch_planks":18,"minecraft:flint":3,"minecraft:tuff":4,"minecraft:shield":1,"minecraft:gunpowder":1,"minecraft:string":4,"minecraft:dirt":41,"minecraft:cooked_mutton":10,"minecraft:bone":3,"minecraft:kelp":63,"minecraft:cobbled_deepslate":77,"minecraft:wheat_seeds":141,"minecraft:gold_nugget":5,"minecraft:raw_gold":3,"minecraft:beef":6,"minecraft:iron_ingot":12,"minecraft:stone_pickaxe":2,"minecraft:azalea":2,"minecraft:poppy":3,"minecraft:light_gray_wool":2,"minecraft:birch_sapling":26,"minecraft:furnace":3,"minecraft:sandstone":8,"minecraft:stick":15,"minecraft:raw_iron":10,"minecraft:orange_dye":1,"minecraft:cooked_porkchop":15,"minecraft:birch_boat":7,"minecraft:gravel":30,"minecraft:porkchop":3,"minecraft:sand":2,"minecraft:diorite":16,"minecraft:white_bed":8,"minecraft:carrot":1,"minecraft:spider_eye":2,"minecraft:arrow":3,"minecraft:rotten_flesh":13,"minecraft:stone_shovel":1,"minecraft:shears":1,"minecraft:hay_block":5,"minecraft:crossbow":1,"minecraft:mutton":8,"minecraft:coal":21,"minecraft:white_wool":11,"minecraft:cobblestone":153}},"DataVersion":3953}