{"stats":{"minecraft:mined":{"minecraft:short_grass":4,"minecraft:grass_block":3,"minecraft:dirt":2,"minecraft:birch_log":7},"minecraft:killed":{"minecraft:sheep":6,"minecraft:cow":1},"minecraft:custom":{"minecraft:time_since_rest":13631,"minecraft:crouch_one_cm":238,"minecraft:play_time":13631,"minecraft:sprint_one_cm":68391,"minecraft:damage_taken":126,"minecraft:walk_one_cm":16048,"minecraft:sneak_time":304,"minecraft:mob_kills":7,"minecraft:jump":347,"minecraft:damage_dealt":626,"minecraft:leave_game":1,"minecraft:time_since_death":13631,"minecraft:walk_on_water_one_cm":279,"minecraft:total_world_time":13631,"minecraft:interact_with_crafting_table":6,"minecraft:fall_one_cm":8616,"minecraft:fly_one_cm":71895},"minecraft:used":{"minecraft:mutton":5,"minecraft:beef":3,"minecraft:crafting_table":1},"minecraft:crafted":{"minecraft:white_bed":2,"minecraft:wooden_shovel":1,"minecraft:birch_planks":28,"minecraft:crafting_table":1,"minecraft:stick":4},"minecraft:picked_up":{"minecraft:birch_log":7,"minecraft:stick":2,"minecraft:leather":2,"minecraft:beef":3,"minecraft:dirt":14,"minecraft:birch_sapling":3,"minecraft:mutton":7,"minecraft:white_wool":6}},"DataVersion":3953}