{"stats":{"minecraft:mined":{"minecraft:tuff":16,"minecraft:white_bed":1,"minecraft:crafting_table":8,"minecraft:short_grass":9,"minecraft:grass_block":13,"minecraft:birch_sapling":4,"minecraft:furnace":1,"minecraft:fire":9,"minecraft:birch_log":51,"minecraft:iron_ore":9,"minecraft:andesite":16,"minecraft:birch_leaves":7,"minecraft:deepslate_lapis_ore":2,"minecraft:deepslate_iron_ore":1,"minecraft:gravel":16,"minecraft:dirt":11,"minecraft:stone":158,"minecraft:deepslate":112},"minecraft:killed":{"minecraft:pig":7,"minecraft:creeper":1,"minecraft:sheep":6,"minecraft:zombie":10,"minecraft:cow":2},"minecraft:custom":{"minecraft:interact_with_furnace":7,"minecraft:mob_kills":27,"minecraft:interact_with_crafting_table":29,"minecraft:leave_game":2,"minecraft:time_since_death":24886,"minecraft:sleep_in_bed":1,"minecraft:time_since_rest":24910,"minecraft:sprint_one_cm":218983,"minecraft:damage_taken":2115,"minecraft:walk_one_cm":433536,"minecraft:damage_dealt":4268,"minecraft:swim_one_cm":33089,"minecraft:fly_one_cm":218172,"minecraft:player_kills":2,"minecraft:open_chest":4,"minecraft:crouch_one_cm":8782,"minecraft:play_time":89949,"minecraft:deaths":6,"minecraft:sneak_time":4776,"minecraft:walk_under_water_one_cm":9734,"minecraft:boat_one_cm":9945,"minecraft:jump":1487,"minecraft:walk_on_water_one_cm":11015,"minecraft:total_world_time":89949,"minecraft:fall_one_cm":32574},"minecraft:broken":{"minecraft:stone_pickaxe":1,"minecraft:wooden_pickaxe":1},"minecraft:used":{"minecraft:flint_and_steel":9,"minecraft:birch_planks":199,"minecraft:stone_pickaxe":265,"minecraft:wooden_pickaxe":59,"minecraft:birch_boat":2,"minecraft:wooden_shovel":13,"minecraft:rotten_flesh":9,"minecraft:dirt":19,"minecraft:mutton":7,"minecraft:crafting_table":11,"minecraft:carrot":1,"minecraft:white_bed":2,"minecraft:tuff":4,"minecraft:wooden_axe":9,"minecraft:bread":5,"minecraft:birch_sapling":12,"minecraft:gravel":7,"minecraft:wooden_sword":81,"minecraft:fishing_rod":4,"minecraft:cobblestone":34,"minecraft:beef":3,"minecraft:cooked_porkchop":1,"minecraft:furnace":1,"minecraft:porkchop":3,"minecraft:andesite":6,"minecraft:cobbled_deepslate":34},"minecraft:killed_by":{"minecraft:skeleton":2,"minecraft:spider":1},"minecraft:crafted":{"minecraft:wooden_sword":2,"minecraft:wooden_shovel":1,"minecraft:crafting_table":6,"minecraft:birch_boat":1,"minecraft:wooden_pickaxe":1,"minecraft:furnace":1,"minecraft:birch_planks":248,"minecraft:bread":5,"minecraft:air":0,"minecraft:flint_and_steel":1,"minecraft:stick":4,"minecraft:iron_ingot":2,"minecraft:stone_pickaxe":3,"minecraft:wooden_axe":1,"minecraft:white_bed":2},"minecraft:picked_up":{"minecraft:wooden_axe":1,"minecraft:birch_log":88,"minecraft:crafting_table":8,"minecraft:wheat":9,"minecraft:andesite":19,"minecraft:leather":9,"minecraft:birch_planks":17,"minecraft:flint":2,"minecraft:tuff":4,"minecraft:shield":1,"minecraft:gunpowder":1,"minecraft:dirt":40,"minecraft:cobbled_deepslate":77,"minecraft:wheat_seeds":2,"minecraft:gold_nugget":5,"minecraft:raw_gold":3,"minecraft:beef":6,"minecraft:iron_ingot":4,"minecraft:stone_pickaxe":2,"minecraft:birch_sapling":26,"minecraft:furnace":1,"minecraft:stick":13,"minecraft:raw_iron":10,"minecraft:orange_dye":1,"minecraft:cooked_porkchop":12,"minecraft:birch_boat":2,"minecraft:gravel":25,"minecraft:porkchop":3,"minecraft:diorite":16,"minecraft:white_bed":2,"minecraft:carrot":1,"minecraft:rotten_flesh":9,"minecraft:stone_shovel":1,"minecraft:mutton":7,"minecraft:coal":21,"minecraft:white_wool":6,"minecraft:cobblestone":148}},"DataVersion":3953}