{"stats":{"minecraft:killed":{"minecraft:spider":3,"minecraft:skeleton":11,"minecraft:piglin":1,"minecraft:pig":8,"minecraft:iron_golem":3,"minecraft:creeper":1,"minecraft:sheep":16,"minecraft:pillager":10,"minecraft:zombie":23,"minecraft:enderman":1,"minecraft:cow":4},"minecraft:dropped":{"minecraft:stone_hoe":1,"minecraft:bread":3,"minecraft:iron_ingot":1,"minecraft:wheat_seeds":20,"minecraft:crafting_table":1,"minecraft:cobblestone":258,"minecraft:black_bed":1,"minecraft:mushroom_stew":10,"minecraft:stick":3,"minecraft:dirt":1,"minecraft:diorite":65,"minecraft:bone_meal":3,"minecraft:string":7,"minecraft:white_wool":1,"minecraft:oak_door":1,"minecraft:gravel":4,"minecraft:furnace":1,"minecraft:kelp":64,"minecraft:cobbled_deepslate":5,"minecraft:raw_copper":12,"minecraft:bowl":3,"minecraft:wheat":19,"minecraft:obsidian":8,"minecraft:oak_planks":11,"minecraft:azure_bluet":1,"minecraft:shears":2,"minecraft:carrot":11,"minecraft:diamond_pickaxe":1,"minecraft:spider_eye":2,"minecraft:arrow":2,"minecraft:stone_pickaxe":1,"minecraft:dead_tube_coral_block":2},"minecraft:custom":{"minecraft:mob_kills":85,"minecraft:interact_with_crafting_table":110,"minecraft:leave_game":10,"minecraft:time_since_death":46076,"minecraft:sprint_one_cm":1802691,"minecraft:walk_one_cm":1539960,"minecraft:damage_blocked_by_shield":1845,"minecraft:drop":89,"minecraft:talked_to_villager":11,"minecraft:play_time":578749,"minecraft:sneak_time":33194,"minecraft:deaths":26,"minecraft:walk_under_water_one_cm":39926,"minecraft:boat_one_cm":3496449,"minecraft:interact_with_brewingstand":2,"minecraft:jump":8750,"minecraft:walk_on_water_one_cm":61152,"minecraft:total_world_time":578749,"minecraft:interact_with_furnace":13,"minecraft:interact_with_cartography_table":1,"minecraft:sleep_in_bed":21,"minecraft:time_since_rest":28656,"minecraft:damage_taken":11924,"minecraft:damage_dealt":17335,"minecraft:player_kills":6,"minecraft:swim_one_cm":243619,"minecraft:fly_one_cm":1774839,"minecraft:open_chest":154,"minecraft:crouch_one_cm":80974,"minecraft:fall_one_cm":209538},"minecraft:mined":{"minecraft:tuff":16,"minecraft:white_bed":8,"minecraft:farmland":2,"minecraft:pink_bed":3,"minecraft:obsidian":10,"minecraft:granite":11,"minecraft:acacia_log":2,"minecraft:grass_block":225,"minecraft:kelp":10,"minecraft:sandstone":8,"minecraft:hay_block":5,"minecraft:tall_seagrass":15,"minecraft:oak_trapdoor":1,"minecraft:carrots":37,"minecraft:furnace":3,"minecraft:iron_ore":9,"minecraft:fire":32,"minecraft:andesite":33,"minecraft:deepslate_lapis_ore":2,"minecraft:azure_bluet":1,"minecraft:dirt_path":1,"minecraft:deepslate_iron_ore":3,"minecraft:stone":617,"minecraft:smithing_table":1,"minecraft:deepslate_redstone_ore":1,"minecraft:oak_slab":4,"minecraft:kelp_plant":12,"minecraft:oak_fence":4,"minecraft:crafting_table":18,"minecraft:short_grass":42,"minecraft:melon":2,"minecraft:chest":1,"minecraft:copper_ore":3,"minecraft:tall_grass":33,"minecraft:cobblestone":1,"minecraft:lapis_ore":4,"minecraft:oak_planks":1,"minecraft:diorite":315,"minecraft:wall_torch":1,"minecraft:birch_sapling":4,"minecraft:seagrass":14,"minecraft:birch_planks":3,"minecraft:birch_log":57,"minecraft:wheat":41,"minecraft:birch_leaves":7,"minecraft:black_bed":1,"minecraft:warped_fungus":2,"minecraft:oak_log":68,"minecraft:coal_ore":6,"minecraft:gravel":29,"minecraft:sand":13,"minecraft:dirt":109,"minecraft:acacia_planks":1,"minecraft:oak_leaves":9,"minecraft:deepslate":185},"minecraft:crafted":{"minecraft:wooden_sword":2,"minecraft:oak_planks":192,"minecraft:stone_shovel":3,"minecraft:birch_boat":4,"minecraft:furnace":1,"minecraft:bone_meal":48,"minecraft:flint_and_steel":1,"minecraft:oak_trapdoor":34,"minecraft:stone_pickaxe":12,"minecraft:chest":3,"minecraft:stone_hoe":1,"minecraft:wheat":45,"minecraft:oak_slab":18,"minecraft:wooden_shovel":1,"minecraft:crafting_table":9,"minecraft:wooden_pickaxe":3,"minecraft:bowl":8,"minecraft:bucket":1,"minecraft:birch_planks":272,"minecraft:stone_axe":2,"minecraft:bread":37,"minecraft:air":0,"minecraft:oak_boat":3,"minecraft:wooden_hoe":1,"minecraft:shield":1,"minecraft:stick":40,"minecraft:iron_ingot":3,"minecraft:iron_pickaxe":1,"minecraft:wooden_axe":1,"minecraft:stone_sword":1,"minecraft:white_bed":5,"minecraft:composter":2,"minecraft:acacia_planks":8,"minecraft:torch":12,"minecraft:shears":1},"minecraft:broken":{"minecraft:leather_helmet":1,"minecraft:wooden_pickaxe":2,"minecraft:stone_pickaxe":8,"minecraft:wooden_sword":1,"minecraft:stone_axe":1,"minecraft:wooden_axe":1,"minecraft:wooden_hoe":1,"minecraft:stone_shovel":2},"minecraft:picked_up":{"minecraft:wooden_axe":1,"minecraft:seagrass":32,"minecraft:crafting_table":18,"minecraft:wheat":62,"minecraft:azure_bluet":3,"minecraft:smithing_table":1,"minecraft:shield":1,"minecraft:cornflower":2,"minecraft:string":5,"minecraft:oak_trapdoor":1,"minecraft:dead_tube_coral_block":3,"minecraft:raw_copper":24,"minecraft:flint_and_steel":3,"minecraft:gold_nugget":5,"minecraft:cobbled_deepslate":147,"minecraft:beef":6,"minecraft:oak_boat":13,"minecraft:azalea":2,"minecraft:poppy":3,"minecraft:light_gray_wool":2,"minecraft:melon_slice":11,"minecraft:chest":1,"minecraft:birch_sapling":26,"minecraft:furnace":3,"minecraft:egg":50,"minecraft:sandstone":8,"minecraft:stick":23,"minecraft:raw_iron":12,"minecraft:orange_dye":1,"minecraft:oak_door":1,"minecraft:oak_fence":4,"minecraft:torch":4,"minecraft:bowl":5,"minecraft:acacia_log":2,"minecraft:porkchop":3,"minecraft:diorite":386,"minecraft:carrot":92,"minecraft:redstone":4,"minecraft:arrow":19,"minecraft:stone_shovel":1,"minecraft:rotten_flesh":28,"minecraft:shears":3,"minecraft:hay_block":5,"minecraft:obsidian":8,"minecraft:mutton":11,"minecraft:white_wool":16,"minecraft:cobblestone":776,"minecraft:birch_log":94,"minecraft:water_bucket":1,"minecraft:andesite":36,"minecraft:black_bed":2,"minecraft:leather":9,"minecraft:birch_planks":45,"minecraft:mushroom_stew":6,"minecraft:flint":3,"minecraft:tuff":4,"minecraft:oak_log":68,"minecraft:gunpowder":1,"minecraft:lapis_lazuli":23,"minecraft:dirt":390,"minecraft:cooked_mutton":10,"minecraft:bone":13,"minecraft:acacia_planks":1,"minecraft:kelp":63,"minecraft:bow":1,"minecraft:wheat_seeds":182,"minecraft:raw_gold":3,"minecraft:iron_ingot":15,"minecraft:stone_pickaxe":3,"minecraft:stone_hoe":1,"minecraft:oak_planks":13,"minecraft:oak_slab":9,"minecraft:pink_bed":4,"minecraft:warped_fungus":2,"minecraft:cooked_porkchop":15,"minecraft:birch_boat":16,"minecraft:gravel":41,"minecraft:sand":16,"minecraft:white_bed":12,"minecraft:spider_eye":5,"minecraft:leather_helmet":1,"minecraft:dead_bubble_coral_block":1,"minecraft:crossbow":1,"minecraft:granite":11,"minecraft:oak_sapling":16,"minecraft:coal":27,"minecraft:diamond_pickaxe":1},"minecraft:killed_by":{"minecraft:player":5,"minecraft:spider":1,"minecraft:pillager":1,"minecraft:enderman":2,"minecraft:hoglin":1,"minecraft:skeleton":4,"minecraft:zombie":2},"minecraft:used":{"minecraft:oak_trapdoor":35,"minecraft:stone_sword":96,"minecraft:dead_tube_coral_block":1,"minecraft:flint_and_steel":38,"minecraft:stone_shovel":309,"minecraft:chest":4,"minecraft:shield":32,"minecraft:wooden_shovel":13,"minecraft:stone_hoe":73,"minecraft:rotten_flesh":34,"minecraft:torch":14,"minecraft:dirt":336,"minecraft:mutton":8,"minecraft:carrot":112,"minecraft:tuff":4,"minecraft:wooden_axe":41,"minecraft:lava_bucket":12,"minecraft:birch_sapling":12,"minecraft:beef":6,"minecraft:warped_fungus":2,"minecraft:furnace":2,"minecraft:egg":50,"minecraft:cobbled_deepslate":35,"minecraft:acacia_planks":1,"minecraft:seagrass":1,"minecraft:cooked_mutton":10,"minecraft:wheat_seeds":17,"minecraft:water_bucket":18,"minecraft:diorite":133,"minecraft:birch_planks":199,"minecraft:stone_pickaxe":1098,"minecraft:oak_planks":24,"minecraft:wooden_pickaxe":175,"minecraft:birch_boat":19,"minecraft:composter":2,"minecraft:sand":2,"minecraft:oak_slab":4,"minecraft:crafting_table":24,"minecraft:mushroom_stew":33,"minecraft:spider_eye":2,"minecraft:crossbow":12,"minecraft:white_bed":15,"minecraft:black_bed":2,"minecraft:oak_log":20,"minecraft:wooden_hoe":64,"minecraft:diamond_pickaxe":12,"minecraft:melon_slice":2,"minecraft:bread":42,"minecraft:string":1,"minecraft:iron_pickaxe":9,"minecraft:gravel":12,"minecraft:stone_axe":155,"minecraft:pink_bed":4,"minecraft:fishing_rod":4,"minecraft:wooden_sword":88,"minecraft:cobblestone":53,"minecraft:porkchop":3,"minecraft:cooked_porkchop":15,"minecraft:andesite":6,"minecraft:bucket":33,"minecraft:oak_boat":13,"minecraft:tropical_fish_bucket":1,"minecraft:bone_meal":37,"minecraft:experience_bottle":1,"minecraft:oak_fence":4}},"DataVersion":3953}