{"stats":{"minecraft:mined":{"minecraft:tuff":9,"minecraft:white_bed":1,"minecraft:dandelion":1,"minecraft:crafting_table":1,"minecraft:granite":1,"minecraft:grass_block":2,"minecraft:poppy":1,"minecraft:chest":1,"minecraft:sugar_cane":1,"minecraft:diorite":8,"minecraft:furnace":1,"minecraft:birch_log":29,"minecraft:iron_ore":34,"minecraft:andesite":13,"minecraft:birch_leaves":2,"minecraft:coal_ore":24,"minecraft:deepslate_iron_ore":1,"minecraft:gravel":16,"minecraft:dirt":4,"minecraft:stone":109,"minecraft:gold_ore":3,"minecraft:mossy_stone_bricks":1,"minecraft:deepslate":163,"minecraft:orange_bed":2,"minecraft:suspicious_gravel":3},"minecraft:killed":{"minecraft:pig":4,"minecraft:spider":2,"minecraft:skeleton":1,"minecraft:zombie":3,"minecraft:cow":2},"minecraft:custom":{"minecraft:interact_with_furnace":18,"minecraft:mob_kills":12,"minecraft:interact_with_crafting_table":8,"minecraft:time_since_death":3469,"minecraft:sleep_in_bed":2,"minecraft:time_since_rest":3493,"minecraft:sprint_one_cm":93802,"minecraft:damage_taken":2574,"minecraft:walk_one_cm":58754,"minecraft:damage_blocked_by_shield":330,"minecraft:drop":8,"minecraft:damage_dealt":1613,"minecraft:swim_one_cm":14003,"minecraft:fly_one_cm":67002,"minecraft:open_chest":2,"minecraft:crouch_one_cm":152,"minecraft:play_time":38693,"minecraft:deaths":7,"minecraft:sneak_time":59,"minecraft:walk_under_water_one_cm":1732,"minecraft:boat_one_cm":9169,"minecraft:jump":488,"minecraft:walk_on_water_one_cm":6986,"minecraft:total_world_time":38693,"minecraft:fall_one_cm":25221},"minecraft:broken":{"minecraft:stone_pickaxe":2,"minecraft:wooden_pickaxe":1},"minecraft:used":{"minecraft:stone_pickaxe":298,"minecraft:stone_shovel":19,"minecraft:shield":5,"minecraft:wooden_pickaxe":59,"minecraft:orange_bed":2,"minecraft:dirt":3,"minecraft:crafting_table":2,"minecraft:granite":1,"minecraft:wooden_axe":19,"minecraft:iron_axe":3,"minecraft:iron_pickaxe":12,"minecraft:birch_sapling":1,"minecraft:stone_axe":25,"minecraft:furnace":2,"minecraft:cooked_porkchop":7,"minecraft:cobbled_deepslate":118},"minecraft:killed_by":{"minecraft:skeleton":4,"minecraft:creeper":2},"minecraft:dropped":{"minecraft:wheat_seeds":1,"minecraft:raw_iron":1,"minecraft:cobblestone":4,"minecraft:rotten_flesh":1,"minecraft:diorite":8},"minecraft:crafted":{"minecraft:red_dye":1,"minecraft:stone_shovel":1,"minecraft:cooked_porkchop":9,"minecraft:crafting_table":2,"minecraft:wooden_pickaxe":1,"minecraft:furnace":1,"minecraft:birch_planks":48,"minecraft:stone_axe":1,"minecraft:orange_dye":2,"minecraft:yellow_dye":1,"minecraft:shield":1,"minecraft:iron_axe":1,"minecraft:stick":20,"minecraft:iron_ingot":10,"minecraft:iron_pickaxe":1,"minecraft:stone_pickaxe":3,"minecraft:wooden_axe":1,"minecraft:orange_bed":1},"minecraft:picked_up":{"minecraft:wooden_axe":1,"minecraft:birch_log":34,"minecraft:crafting_table":1,"minecraft:wheat":9,"minecraft:andesite":26,"minecraft:leather":4,"minecraft:flint":1,"minecraft:tuff":9,"minecraft:string":2,"minecraft:dirt":6,"minecraft:wheat_seeds":1,"minecraft:cobbled_deepslate":161,"minecraft:raw_gold":3,"minecraft:beef":5,"minecraft:mossy_stone_bricks":1,"minecraft:poppy":1,"minecraft:iron_pickaxe":1,"minecraft:sugar_cane":2,"minecraft:chest":1,"minecraft:birch_sapling":2,"minecraft:furnace":1,"minecraft:golden_helmet":1,"minecraft:stick":2,"minecraft:raw_iron":58,"minecraft:cooked_porkchop":2,"minecraft:dandelion":1,"minecraft:gravel":24,"minecraft:porkchop":9,"minecraft:diorite":8,"minecraft:white_bed":1,"minecraft:orange_bed":2,"minecraft:rotten_flesh":1,"minecraft:granite":1,"minecraft:coal":24,"minecraft:cobblestone":193}},"DataVersion":3953}