{"stats":{"minecraft:mined":{"minecraft:tuff":9,"minecraft:white_bed":1,"minecraft:deepslate_diamond_ore":6,"minecraft:dandelion":1,"minecraft:crafting_table":3,"minecraft:granite":5,"minecraft:grass_block":5,"minecraft:poppy":1,"minecraft:chest":1,"minecraft:sugar_cane":1,"minecraft:diorite":8,"minecraft:furnace":2,"minecraft:birch_log":58,"minecraft:iron_ore":44,"minecraft:andesite":22,"minecraft:birch_leaves":2,"minecraft:coal_ore":29,"minecraft:deepslate_iron_ore":14,"minecraft:gravel":16,"minecraft:dirt":13,"minecraft:stone":190,"minecraft:mossy_stone_bricks":1,"minecraft:gold_ore":3,"minecraft:deepslate":217,"minecraft:orange_bed":2,"minecraft:suspicious_gravel":3},"minecraft:killed":{"minecraft:pig":4,"minecraft:spider":2,"minecraft:skeleton":1,"minecraft:zombie":5,"minecraft:cow":2},"minecraft:custom":{"minecraft:interact_with_furnace":22,"minecraft:mob_kills":14,"minecraft:interact_with_crafting_table":12,"minecraft:leave_game":1,"minecraft:time_since_death":24919,"minecraft:sleep_in_bed":2,"minecraft:time_since_rest":24944,"minecraft:sprint_one_cm":138952,"minecraft:damage_taken":3878,"minecraft:walk_one_cm":88070,"minecraft:damage_blocked_by_shield":330,"minecraft:drop":9,"minecraft:damage_dealt":2033,"minecraft:swim_one_cm":14003,"minecraft:fly_one_cm":84632,"minecraft:open_chest":2,"minecraft:crouch_one_cm":2536,"minecraft:play_time":86606,"minecraft:deaths":11,"minecraft:sneak_time":668,"minecraft:walk_under_water_one_cm":1732,"minecraft:boat_one_cm":9169,"minecraft:jump":677,"minecraft:walk_on_water_one_cm":6986,"minecraft:total_world_time":86606,"minecraft:fall_one_cm":30873},"minecraft:broken":{"minecraft:stone_pickaxe":2,"minecraft:wooden_pickaxe":1},"minecraft:used":{"minecraft:stone_pickaxe":401,"minecraft:stone_shovel":19,"minecraft:wooden_pickaxe":91,"minecraft:shield":5,"minecraft:orange_bed":2,"minecraft:dirt":9,"minecraft:crafting_table":4,"minecraft:granite":1,"minecraft:wooden_axe":19,"minecraft:iron_pickaxe":62,"minecraft:iron_axe":3,"minecraft:birch_sapling":1,"minecraft:stone_axe":50,"minecraft:cobblestone":37,"minecraft:furnace":3,"minecraft:cooked_porkchop":7,"minecraft:cobbled_deepslate":118},"minecraft:killed_by":{"minecraft:player":2,"minecraft:skeleton":4,"minecraft:creeper":3},"minecraft:dropped":{"minecraft:wheat_seeds":1,"minecraft:birch_sapling":1,"minecraft:raw_iron":1,"minecraft:cobblestone":4,"minecraft:rotten_flesh":1,"minecraft:diorite":8},"minecraft:crafted":{"minecraft:red_dye":1,"minecraft:stone_shovel":1,"minecraft:cooked_porkchop":9,"minecraft:crafting_table":3,"minecraft:wooden_pickaxe":2,"minecraft:furnace":2,"minecraft:birch_planks":88,"minecraft:stone_axe":2,"minecraft:orange_dye":2,"minecraft:yellow_dye":1,"minecraft:shield":1,"minecraft:iron_axe":1,"minecraft:stick":40,"minecraft:iron_ingot":13,"minecraft:iron_pickaxe":2,"minecraft:stone_pickaxe":4,"minecraft:wooden_axe":1,"minecraft:orange_bed":1},"minecraft:picked_up":{"minecraft:wooden_axe":1,"minecraft:birch_log":61,"minecraft:crafting_table":3,"minecraft:wheat":9,"minecraft:andesite":35,"minecraft:leather":4,"minecraft:flint":1,"minecraft:tuff":9,"minecraft:dirt":18,"minecraft:string":2,"minecraft:wheat_seeds":1,"minecraft:cobbled_deepslate":213,"minecraft:raw_gold":3,"minecraft:beef":5,"minecraft:poppy":1,"minecraft:mossy_stone_bricks":1,"minecraft:iron_pickaxe":1,"minecraft:sugar_cane":2,"minecraft:chest":1,"minecraft:birch_sapling":4,"minecraft:furnace":2,"minecraft:golden_helmet":1,"minecraft:stick":2,"minecraft:raw_iron":81,"minecraft:cooked_porkchop":2,"minecraft:dandelion":1,"minecraft:gravel":24,"minecraft:porkchop":9,"minecraft:diorite":8,"minecraft:white_bed":1,"minecraft:orange_bed":2,"minecraft:rotten_flesh":2,"minecraft:diamond":6,"minecraft:granite":5,"minecraft:coal":29,"minecraft:cobblestone":274}},"DataVersion":3953}