{"stats":{"minecraft:mined":{"minecraft:birch_log":7,"minecraft:stone":7,"minecraft:birch_leaves":1,"minecraft:dirt":2},"minecraft:custom":{"minecraft:jump":3,"minecraft:time_since_rest":2693,"minecraft:sprint_one_cm":19,"minecraft:play_time":2693,"minecraft:time_since_death":2693,"minecraft:walk_one_cm":1160,"minecraft:total_world_time":2693,"minecraft:interact_with_crafting_table":1},"minecraft:used":{"minecraft:wooden_pickaxe":9,"minecraft:crafting_table":1},"minecraft:crafted":{"minecraft:birch_planks":28,"minecraft:crafting_table":1,"minecraft:stick":12,"minecraft:wooden_pickaxe":1,"minecraft:wooden_axe":1},"minecraft:picked_up":{"minecraft:cobblestone":6,"minecraft:dirt":2,"minecraft:birch_log":7}},"DataVersion":3953}