{"stats":{"minecraft:mined":{"minecraft:tuff":9,"minecraft:white_bed":1,"minecraft:dandelion":1,"minecraft:crafting_table":1,"minecraft:granite":1,"minecraft:grass_block":1,"minecraft:poppy":1,"minecraft:chest":1,"minecraft:sugar_cane":1,"minecraft:diorite":8,"minecraft:furnace":1,"minecraft:birch_log":24,"minecraft:iron_ore":17,"minecraft:andesite":12,"minecraft:birch_leaves":2,"minecraft:coal_ore":24,"minecraft:gravel":16,"minecraft:dirt":4,"minecraft:stone":106,"minecraft:mossy_stone_bricks":1,"minecraft:deepslate":163,"minecraft:suspicious_gravel":3},"minecraft:killed":{"minecraft:pig":4,"minecraft:spider":2,"minecraft:zombie":1,"minecraft:cow":2},"minecraft:custom":{"minecraft:interact_with_furnace":9,"minecraft:mob_kills":9,"minecraft:interact_with_crafting_table":5,"minecraft:time_since_death":26693,"minecraft:sleep_in_bed":1,"minecraft:time_since_rest":10899,"minecraft:sprint_one_cm":57113,"minecraft:damage_taken":215,"minecraft:walk_one_cm":38381,"minecraft:drop":4,"minecraft:damage_dealt":967,"minecraft:swim_one_cm":13186,"minecraft:fly_one_cm":37759,"minecraft:open_chest":2,"minecraft:crouch_one_cm":152,"minecraft:play_time":26693,"minecraft:sneak_time":59,"minecraft:walk_under_water_one_cm":1490,"minecraft:boat_one_cm":9169,"minecraft:jump":365,"minecraft:walk_on_water_one_cm":3908,"minecraft:total_world_time":26693,"minecraft:fall_one_cm":5848},"minecraft:broken":{"minecraft:stone_pickaxe":2,"minecraft:wooden_pickaxe":1},"minecraft:used":{"minecraft:stone_pickaxe":285,"minecraft:stone_shovel":19,"minecraft:wooden_pickaxe":59,"minecraft:orange_bed":1,"minecraft:dirt":2,"minecraft:crafting_table":2,"minecraft:wooden_axe":19,"minecraft:birch_sapling":1,"minecraft:stone_axe":18,"minecraft:furnace":1,"minecraft:cooked_porkchop":3,"minecraft:cobbled_deepslate":118},"minecraft:dropped":{"minecraft:wheat_seeds":1,"minecraft:raw_iron":1,"minecraft:rotten_flesh":1,"minecraft:diorite":8},"minecraft:crafted":{"minecraft:red_dye":1,"minecraft:stone_shovel":1,"minecraft:cooked_porkchop":9,"minecraft:crafting_table":2,"minecraft:wooden_pickaxe":1,"minecraft:furnace":1,"minecraft:birch_planks":28,"minecraft:stone_axe":1,"minecraft:orange_dye":2,"minecraft:yellow_dye":1,"minecraft:stick":16,"minecraft:stone_pickaxe":3,"minecraft:wooden_axe":1,"minecraft:orange_bed":1},"minecraft:picked_up":{"minecraft:birch_log":24,"minecraft:crafting_table":1,"minecraft:andesite":12,"minecraft:leather":4,"minecraft:flint":1,"minecraft:tuff":9,"minecraft:string":2,"minecraft:dirt":5,"minecraft:wheat_seeds":1,"minecraft:cobbled_deepslate":161,"minecraft:beef":5,"minecraft:mossy_stone_bricks":1,"minecraft:poppy":1,"minecraft:sugar_cane":2,"minecraft:chest":1,"minecraft:birch_sapling":1,"minecraft:furnace":1,"minecraft:raw_iron":17,"minecraft:dandelion":1,"minecraft:gravel":12,"minecraft:porkchop":9,"minecraft:diorite":8,"minecraft:white_bed":1,"minecraft:rotten_flesh":1,"minecraft:granite":1,"minecraft:coal":24,"minecraft:cobblestone":106}},"DataVersion":3953}