{"stats":{"minecraft:killed":{"minecraft:cave_spider":2,"minecraft:witch":1,"minecraft:spider":10,"minecraft:skeleton":27,"minecraft:pig":9,"minecraft:zombie_villager":1,"minecraft:creeper":12,"minecraft:sheep":4,"minecraft:pillager":4,"minecraft:zombie":28,"minecraft:cow":7},"minecraft:dropped":{"minecraft:birch_planks":25,"minecraft:porkchop":9,"minecraft:wheat_seeds":1,"minecraft:lapis_lazuli":13,"minecraft:crossbow":1,"minecraft:cobblestone":4,"minecraft:leather":6,"minecraft:granite":4,"minecraft:leather_helmet":1,"minecraft:flint":1,"minecraft:stick":10,"minecraft:diorite":8,"minecraft:cornflower":1,"minecraft:mutton":5,"minecraft:seagrass":2,"minecraft:string":2,"minecraft:bone":2,"minecraft:gravel":1,"minecraft:kelp":1,"minecraft:cobbled_deepslate":77,"minecraft:pink_dye":1,"minecraft:birch_sapling":1,"minecraft:raw_iron":1,"minecraft:dead_bubble_coral_block":1,"minecraft:rotten_flesh":2,"minecraft:shears":1,"minecraft:stone":2,"minecraft:andesite":21,"minecraft:spider_eye":2,"minecraft:arrow":1,"minecraft:beef":3,"minecraft:wooden_pickaxe":1,"minecraft:dead_tube_coral_block":5},"minecraft:killed_by":{"minecraft:player":2,"minecraft:creeper":4,"minecraft:pillager":2,"minecraft:skeleton":6,"minecraft:zombie":1},"minecraft:broken":{"minecraft:iron_shovel":1,"minecraft:wooden_pickaxe":1,"minecraft:stone_pickaxe":6,"minecraft:shield":1,"minecraft:iron_axe":1,"minecraft:stone_axe":3},"minecraft:custom":{"minecraft:mob_kills":108,"minecraft:interact_with_crafting_table":45,"minecraft:leave_game":4,"minecraft:time_since_death":21673,"minecraft:sprint_one_cm":843893,"minecraft:walk_one_cm":672138,"minecraft:damage_blocked_by_shield":4969,"minecraft:drop":39,"minecraft:play_time":372311,"minecraft:sneak_time":2940,"minecraft:deaths":21,"minecraft:walk_under_water_one_cm":33478,"minecraft:boat_one_cm":615206,"minecraft:jump":4205,"minecraft:walk_on_water_one_cm":55906,"minecraft:total_world_time":372311,"minecraft:interact_with_furnace":51,"minecraft:interact_with_cartography_table":1,"minecraft:sleep_in_bed":11,"minecraft:time_since_rest":19969,"minecraft:damage_taken":11102,"minecraft:damage_dealt":20067,"minecraft:player_kills":2,"minecraft:swim_one_cm":178648,"minecraft:fly_one_cm":623388,"minecraft:open_chest":58,"minecraft:crouch_one_cm":9184,"minecraft:fall_one_cm":123665},"minecraft:picked_up":{"minecraft:wooden_axe":1,"minecraft:seagrass":2,"minecraft:crafting_table":11,"minecraft:wheat":38,"minecraft:ominous_bottle":1,"minecraft:leather_leggings":1,"minecraft:pink_wool":4,"minecraft:brewing_stand":2,"minecraft:amethyst_block":2,"minecraft:cornflower":2,"minecraft:string":9,"minecraft:dead_tube_coral_block":6,"minecraft:raw_copper":6,"minecraft:iron_shovel":1,"minecraft:sea_pickle":4,"minecraft:cobbled_deepslate":342,"minecraft:beef":8,"minecraft:calcite":2,"minecraft:poppy":1,"minecraft:iron_pickaxe":1,"minecraft:lectern":2,"minecraft:sugar_cane":2,"minecraft:chest":2,"minecraft:birch_sapling":4,"minecraft:furnace":4,"minecraft:egg":1,"minecraft:golden_helmet":1,"minecraft:stick":9,"minecraft:raw_iron":270,"minecraft:stone":2,"minecraft:oak_door":2,"minecraft:torch":1,"minecraft:porkchop":18,"minecraft:diorite":17,"minecraft:orange_bed":2,"minecraft:arrow":21,"minecraft:rotten_flesh":27,"minecraft:peony":1,"minecraft:shears":1,"minecraft:hay_block":35,"minecraft:mutton":5,"minecraft:rail":2,"minecraft:white_wool":10,"minecraft:cobblestone":452,"minecraft:oxeye_daisy":1,"minecraft:birch_log":61,"minecraft:cooked_beef":12,"minecraft:glow_ink_sac":3,"minecraft:andesite":47,"minecraft:black_bed":1,"minecraft:leather":10,"minecraft:birch_planks":53,"minecraft:flint":2,"minecraft:tuff":59,"minecraft:oak_log":71,"minecraft:yellow_glazed_terracotta":6,"minecraft:gunpowder":13,"minecraft:lapis_lazuli":13,"minecraft:dirt":152,"minecraft:white_banner":1,"minecraft:cooked_mutton":2,"minecraft:bone":22,"minecraft:apple":2,"minecraft:bow":2,"minecraft:kelp":1,"minecraft:stonecutter":1,"minecraft:wheat_seeds":27,"minecraft:raw_gold":29,"minecraft:mossy_stone_bricks":1,"minecraft:oak_planks":63,"minecraft:flowering_azalea":1,"minecraft:pink_bed":4,"minecraft:cooked_porkchop":2,"minecraft:birch_boat":1,"minecraft:dandelion":2,"minecraft:gravel":27,"minecraft:amethyst_shard":4,"minecraft:white_bed":3,"minecraft:spider_eye":2,"minecraft:leather_helmet":1,"minecraft:diamond":48,"minecraft:dead_bubble_coral_block":1,"minecraft:crossbow":1,"minecraft:granite":10,"minecraft:bone_meal":3,"minecraft:bread":3,"minecraft:emerald":1,"minecraft:oak_sapling":6,"minecraft:black_wool":9,"minecraft:coal":124},"minecraft:crafted":{"minecraft:oak_planks":276,"minecraft:stone_shovel":1,"minecraft:pink_bed":1,"minecraft:birch_boat":1,"minecraft:furnace":2,"minecraft:pink_dye":2,"minecraft:diamond_block":4,"minecraft:iron_boots":1,"minecraft:iron_axe":3,"minecraft:stone_pickaxe":7,"minecraft:chest":1,"minecraft:wheat":315,"minecraft:red_dye":1,"minecraft:cooked_porkchop":9,"minecraft:crafting_table":4,"minecraft:wooden_pickaxe":2,"minecraft:iron_helmet":1,"minecraft:bucket":2,"minecraft:birch_planks":156,"minecraft:stone_axe":4,"minecraft:orange_dye":2,"minecraft:bread":113,"minecraft:iron_chestplate":1,"minecraft:yellow_dye":1,"minecraft:shield":3,"minecraft:stick":52,"minecraft:iron_ingot":215,"minecraft:iron_pickaxe":3,"minecraft:wooden_axe":1,"minecraft:iron_shovel":1,"minecraft:black_bed":1,"minecraft:iron_leggings":1,"minecraft:white_bed":1,"minecraft:torch":8,"minecraft:orange_bed":1,"minecraft:shears":1},"minecraft:used":{"minecraft:iron_shovel":112,"minecraft:dead_tube_coral_block":1,"minecraft:stone_shovel":19,"minecraft:chest":2,"minecraft:shield":85,"minecraft:oak_door":1,"minecraft:orange_bed":2,"minecraft:torch":9,"minecraft:brewing_stand":1,"minecraft:dirt":14,"minecraft:carrot":6,"minecraft:tuff":29,"minecraft:granite":6,"minecraft:wooden_axe":19,"minecraft:iron_axe":289,"minecraft:birch_sapling":1,"minecraft:oak_sapling":6,"minecraft:furnace":6,"minecraft:cooked_beef":12,"minecraft:cobbled_deepslate":147,"minecraft:wheat_seeds":16,"minecraft:cooked_mutton":2,"minecraft:water_bucket":30,"minecraft:diorite":9,"minecraft:birch_planks":55,"minecraft:stone_pickaxe":822,"minecraft:oak_planks":302,"minecraft:wooden_pickaxe":104,"minecraft:birch_boat":2,"minecraft:stonecutter":1,"minecraft:crafting_table":13,"minecraft:white_bed":2,"minecraft:black_bed":1,"minecraft:shears":2,"minecraft:oak_log":2,"minecraft:bread":75,"minecraft:iron_pickaxe":207,"minecraft:lectern":2,"minecraft:gravel":2,"minecraft:pink_bed":5,"minecraft:stone_axe":300,"minecraft:cobblestone":229,"minecraft:cooked_porkchop":7,"minecraft:bucket":35,"minecraft:tropical_fish_bucket":3,"minecraft:bone_meal":3},"minecraft:mined":{"minecraft:tuff":41,"minecraft:white_bed":3,"minecraft:pink_bed":4,"minecraft:deepslate_diamond_ore":48,"minecraft:oak_door":2,"minecraft:brewing_stand":2,"minecraft:granite":10,"minecraft:budding_amethyst":2,"minecraft:grass_block":112,"minecraft:bubble_coral_block":2,"minecraft:tube_coral_block":10,"minecraft:hay_block":35,"minecraft:furnace":3,"minecraft:iron_ore":142,"minecraft:cobbled_deepslate":11,"minecraft:andesite":24,"minecraft:peony":1,"minecraft:deepslate_iron_ore":103,"minecraft:flowering_azalea_leaves":9,"minecraft:brain_coral_wall_fan":1,"minecraft:azalea_leaves":18,"minecraft:stone":262,"minecraft:orange_bed":2,"minecraft:brain_coral":1,"minecraft:dandelion":1,"minecraft:cornflower":1,"minecraft:fire_coral":1,"minecraft:crafting_table":9,"minecraft:short_grass":23,"minecraft:calcite":2,"minecraft:poppy":1,"minecraft:chest":2,"minecraft:lectern":2,"minecraft:brain_coral_fan":1,"minecraft:tall_grass":2,"minecraft:copper_ore":2,"minecraft:cobblestone":29,"minecraft:oak_planks":63,"minecraft:deepslate_gold_ore":26,"minecraft:sugar_cane":1,"minecraft:diorite":10,"minecraft:amethyst_block":2,"minecraft:birch_planks":53,"minecraft:fire_coral_fan":1,"minecraft:sea_pickle":2,"minecraft:birch_log":58,"minecraft:wheat":28,"minecraft:birch_leaves":2,"minecraft:black_bed":1,"minecraft:yellow_glazed_terracotta":6,"minecraft:oak_log":71,"minecraft:coal_ore":124,"minecraft:gravel":16,"minecraft:bubble_coral_wall_fan":1,"minecraft:dirt":32,"minecraft:stonecutter":1,"minecraft:gold_ore":3,"minecraft:mossy_stone_bricks":1,"minecraft:oak_leaves":5,"minecraft:deepslate":257,"minecraft:suspicious_gravel":3}},"DataVersion":3953}