{"stats":{"minecraft:crafted":{"minecraft:brick":2,"minecraft:oak_planks":1484,"minecraft:cobblestone_slab":66,"minecraft:pink_bed":1,"minecraft:oak_pressure_plate":4,"minecraft:birch_boat":1,"minecraft:lightning_rod":1,"minecraft:stone":147,"minecraft:lever":2,"minecraft:glass":267,"minecraft:hopper":9,"minecraft:bow":1,"minecraft:iron_boots":1,"minecraft:chest":52,"minecraft:rail":16,"minecraft:oak_fence":75,"minecraft:oak_slab":12,"minecraft:cooked_porkchop":9,"minecraft:crafting_table":6,"minecraft:wooden_pickaxe":2,"minecraft:iron_helmet":1,"minecraft:copper_ingot":6,"minecraft:hopper_minecart":2,"minecraft:birch_planks":156,"minecraft:painting":1,"minecraft:dispenser":3,"minecraft:iron_chestplate":1,"minecraft:diamond_pickaxe":1,"minecraft:yellow_dye":2,"minecraft:shield":3,"minecraft:stick":160,"minecraft:iron_ingot":405,"minecraft:iron_pickaxe":3,"minecraft:iron_block":28,"minecraft:gold_ingot":26,"minecraft:black_bed":3,"minecraft:composter":1,"minecraft:shears":5,"minecraft:oak_door":3,"minecraft:stone_shovel":2,"minecraft:furnace":10,"minecraft:yellow_bed":21,"minecraft:pink_dye":2,"minecraft:white_carpet":6,"minecraft:diamond_block":5,"minecraft:iron_axe":5,"minecraft:iron_hoe":1,"minecraft:stone_pickaxe":20,"minecraft:minecart":2,"minecraft:observer":3,"minecraft:wheat":315,"minecraft:red_dye":1,"minecraft:crimson_planks":20,"minecraft:blue_bed":18,"minecraft:bucket":6,"minecraft:stone_axe":4,"minecraft:orange_dye":2,"minecraft:bread":119,"minecraft:blue_dye":1,"minecraft:oak_stairs":8,"minecraft:wooden_axe":1,"minecraft:iron_shovel":2,"minecraft:iron_leggings":1,"minecraft:white_bed":1,"minecraft:torch":24,"minecraft:orange_bed":1},"minecraft:custom":{"minecraft:animals_bred":39,"minecraft:interact_with_crafting_table":129,"minecraft:leave_game":7,"minecraft:time_since_death":20210,"minecraft:sprint_one_cm":1757901,"minecraft:damage_blocked_by_shield":4969,"minecraft:drop":208,"minecraft:talked_to_villager":5,"minecraft:play_time":807024,"minecraft:deaths":34,"minecraft:jump":7653,"minecraft:interact_with_brewingstand":1,"minecraft:walk_on_water_one_cm":119916,"minecraft:interact_with_furnace":141,"minecraft:interact_with_cartography_table":1,"minecraft:sleep_in_bed":44,"minecraft:damage_dealt":26295,"minecraft:player_kills":18,"minecraft:crouch_one_cm":20341,"minecraft:inspect_dispenser":14,"minecraft:mob_kills":119,"minecraft:inspect_hopper":5,"minecraft:climb_one_cm":232,"minecraft:walk_one_cm":2009004,"minecraft:sneak_time":7066,"minecraft:walk_under_water_one_cm":71279,"minecraft:boat_one_cm":615206,"minecraft:total_world_time":807024,"minecraft:time_since_rest":6075,"minecraft:damage_taken":16681,"minecraft:swim_one_cm":201222,"minecraft:fly_one_cm":1113745,"minecraft:open_chest":472,"minecraft:fall_one_cm":201363},"minecraft:broken":{"minecraft:iron_shovel":3,"minecraft:stone_pickaxe":17,"minecraft:stone_axe":3,"minecraft:stone_shovel":1,"minecraft:wooden_pickaxe":1,"minecraft:shield":1,"minecraft:iron_axe":3,"minecraft:iron_pickaxe":1},"minecraft:dropped":{"minecraft:birch_planks":25,"minecraft:porkchop":9,"minecraft:lapis_lazuli":13,"minecraft:glow_ink_sac":3,"minecraft:crossbow":1,"minecraft:black_bed":1,"minecraft:leather":6,"minecraft:leather_helmet":2,"minecraft:flint":1,"minecraft:dirt":57,"minecraft:cornflower":1,"minecraft:mutton":5,"minecraft:seagrass":2,"minecraft:bone":2,"minecraft:oak_door":2,"minecraft:gravel":1,"minecraft:stone_axe":1,"minecraft:cobbled_deepslate":88,"minecraft:pink_dye":1,"minecraft:wheat":94,"minecraft:birch_sapling":1,"minecraft:rotten_flesh":2,"minecraft:white_bed":1,"minecraft:carrot":5,"minecraft:chest":1,"minecraft:arrow":1,"minecraft:glass":33,"minecraft:beef":3,"minecraft:quartz":27,"minecraft:dead_tube_coral_block":5,"minecraft:bread":3,"minecraft:wheat_seeds":65,"minecraft:cobblestone":27,"minecraft:granite":4,"minecraft:mushroom_stew":1,"minecraft:stick":32,"minecraft:diorite":8,"minecraft:string":4,"minecraft:redstone":31,"minecraft:kelp":1,"minecraft:raw_iron":1,"minecraft:dead_bubble_coral_block":1,"minecraft:shears":1,"minecraft:stone":2,"minecraft:diamond_pickaxe":1,"minecraft:andesite":21,"minecraft:oak_boat":1,"minecraft:spider_eye":2,"minecraft:bow":1,"minecraft:stone_pickaxe":2,"minecraft:wooden_pickaxe":1,"minecraft:brick":1},"minecraft:picked_up":{"minecraft:wooden_axe":1,"minecraft:seagrass":2,"minecraft:wheat":213,"minecraft:yellow_wool":27,"minecraft:oak_stairs":2,"minecraft:brewing_stand":2,"minecraft:amethyst_block":4,"minecraft:string":20,"minecraft:dead_tube_coral_block":6,"minecraft:raw_copper":104,"minecraft:sea_pickle":8,"minecraft:cobbled_deepslate":436,"minecraft:comparator":4,"minecraft:cobblestone_slab":5,"minecraft:calcite":4,"minecraft:iron_pickaxe":1,"minecraft:furnace":14,"minecraft:blue_wool":15,"minecraft:golden_helmet":1,"minecraft:stick":44,"minecraft:composter":1,"minecraft:oak_fence":1,"minecraft:torch":10,"minecraft:porkchop":18,"minecraft:diorite":153,"minecraft:orange_bed":2,"minecraft:rotten_flesh":65,"minecraft:iron_block":27,"minecraft:obsidian":11,"minecraft:cobblestone":1980,"minecraft:birch_log":61,"minecraft:cooked_beef":12,"minecraft:repeater":2,"minecraft:andesite":54,"minecraft:black_bed":5,"minecraft:flint":6,"minecraft:tuff":75,"minecraft:lapis_lazuli":19,"minecraft:dirt":617,"minecraft:glass":37,"minecraft:bone":59,"minecraft:stonecutter":2,"minecraft:bow":5,"minecraft:wheat_seeds":607,"minecraft:raw_gold":65,"minecraft:mossy_stone_bricks":1,"minecraft:oak_planks":257,"minecraft:cooked_porkchop":2,"minecraft:oak_pressure_plate":2,"minecraft:sand":434,"minecraft:diamond_block":5,"minecraft:dispenser":4,"minecraft:diamond":51,"minecraft:lever":2,"minecraft:crossbow":1,"minecraft:granite":49,"minecraft:bone_meal":3,"minecraft:emerald":2,"minecraft:bread":3,"minecraft:oak_sapling":14,"minecraft:netherrack":27,"minecraft:diamond_pickaxe":2,"minecraft:crafting_table":16,"minecraft:azure_bluet":4,"minecraft:ominous_bottle":2,"minecraft:leather_leggings":2,"minecraft:pink_wool":8,"minecraft:brick":1,"minecraft:cornflower":4,"minecraft:white_carpet":2,"minecraft:iron_shovel":1,"minecraft:beef":8,"minecraft:oak_boat":2,"minecraft:observer":5,"minecraft:poppy":3,"minecraft:lectern":4,"minecraft:birch_sapling":4,"minecraft:sugar_cane":2,"minecraft:chest":11,"minecraft:egg":310,"minecraft:raw_iron":289,"minecraft:stone":129,"minecraft:oak_door":8,"minecraft:bowl":3,"minecraft:carrot":363,"minecraft:redstone":62,"minecraft:arrow":46,"minecraft:stone_shovel":1,"minecraft:peony":2,"minecraft:shears":2,"minecraft:hay_block":35,"minecraft:gold_ingot":10,"minecraft:mutton":7,"minecraft:rail":9,"minecraft:white_wool":27,"minecraft:oxeye_daisy":3,"minecraft:glow_ink_sac":12,"minecraft:crimson_stem":16,"minecraft:leather":10,"minecraft:birch_planks":101,"minecraft:mushroom_stew":7,"minecraft:oak_log":373,"minecraft:yellow_glazed_terracotta":12,"minecraft:nether_wart_block":5,"minecraft:gunpowder":35,"minecraft:white_banner":3,"minecraft:cooked_mutton":2,"minecraft:coast_armor_trim_smithing_template":2,"minecraft:apple":4,"minecraft:kelp":1,"minecraft:iron_ingot":8,"minecraft:stone_pickaxe":2,"minecraft:glass_bottle":2,"minecraft:flowering_azalea":1,"minecraft:tropical_fish_bucket":2,"minecraft:pink_bed":6,"minecraft:birch_boat":1,"minecraft:quartz":30,"minecraft:dandelion":28,"minecraft:gravel":56,"minecraft:lava_bucket":1,"minecraft:amethyst_shard":8,"minecraft:white_bed":5,"minecraft:spider_eye":2,"minecraft:leather_helmet":3,"minecraft:stone_axe":1,"minecraft:dead_bubble_coral_block":1,"minecraft:painting":2,"minecraft:black_wool":15,"minecraft:coal":310,"minecraft:hopper":15},"minecraft:killed":{"minecraft:cave_spider":2,"minecraft:witch":2,"minecraft:spider":11,"minecraft:skeleton":29,"minecraft:chicken":2,"minecraft:pig":9,"minecraft:zombie_villager":1,"minecraft:creeper":15,"minecraft:sheep":4,"minecraft:pillager":4,"minecraft:zombie":30,"minecraft:cow":7},"minecraft:killed_by":{"minecraft:creeper":5,"minecraft:pillager":2,"minecraft:zombie":1,"minecraft:player":10,"minecraft:skeleton":8},"minecraft:used":{"minecraft:peony":1,"minecraft:iron_shovel":585,"minecraft:dispenser":7,"minecraft:poppy":2,"minecraft:chest":52,"minecraft:shield":85,"minecraft:stone":268,"minecraft:carrot":139,"minecraft:tuff":29,"minecraft:azure_bluet":4,"minecraft:obsidian":11,"minecraft:glass":245,"minecraft:birch_sapling":1,"minecraft:hopper_minecart":3,"minecraft:bow":4,"minecraft:oak_sapling":14,"minecraft:furnace":24,"minecraft:egg":227,"minecraft:diorite":12,"minecraft:oak_planks":768,"minecraft:stone_pickaxe":2401,"minecraft:wooden_pickaxe":104,"minecraft:composter":2,"minecraft:blue_bed":18,"minecraft:white_wool":1,"minecraft:sand":3,"minecraft:mushroom_stew":19,"minecraft:black_bed":5,"minecraft:shears":2,"minecraft:lightning_rod":1,"minecraft:lever":2,"minecraft:bread":121,"minecraft:lectern":2,"minecraft:oak_pressure_plate":4,"minecraft:gravel":15,"minecraft:nether_wart_block":4,"minecraft:tropical_fish_bucket":3,"minecraft:bone_meal":4,"minecraft:oak_fence":63,"minecraft:dead_tube_coral_block":1,"minecraft:stone_shovel":146,"minecraft:redstone":10,"minecraft:netherrack":27,"minecraft:oak_door":5,"minecraft:orange_bed":2,"minecraft:torch":34,"minecraft:brewing_stand":2,"minecraft:dirt":147,"minecraft:white_carpet":5,"minecraft:hopper":21,"minecraft:granite":6,"minecraft:iron_hoe":52,"minecraft:wooden_axe":19,"minecraft:flowering_azalea":1,"minecraft:iron_axe":677,"minecraft:oak_stairs":6,"minecraft:cooked_beef":12,"minecraft:observer":8,"minecraft:cobbled_deepslate":148,"minecraft:wheat_seeds":205,"minecraft:cooked_mutton":2,"minecraft:water_bucket":31,"minecraft:birch_planks":55,"minecraft:birch_boat":2,"minecraft:stonecutter":2,"minecraft:cobblestone_slab":49,"minecraft:rail":11,"minecraft:comparator":3,"minecraft:crafting_table":18,"minecraft:white_bed":3,"minecraft:painting":3,"minecraft:oak_log":2,"minecraft:cornflower":2,"minecraft:diamond_pickaxe":88,"minecraft:oxeye_daisy":2,"minecraft:iron_pickaxe":361,"minecraft:stone_axe":300,"minecraft:pink_bed":7,"minecraft:cobblestone":375,"minecraft:white_banner":2,"minecraft:cooked_porkchop":7,"minecraft:bucket":40,"minecraft:yellow_bed":21,"minecraft:dandelion":12},"minecraft:mined":{"minecraft:white_bed":6,"minecraft:pink_bed":6,"minecraft:brewing_stand":2,"minecraft:obsidian":1,"minecraft:granite":49,"minecraft:budding_amethyst":2,"minecraft:grass_block":179,"minecraft:oak_pressure_plate":2,"minecraft:bubble_coral_block":2,"minecraft:composter":1,"minecraft:tube_coral_block":10,"minecraft:hopper":15,"minecraft:oxeye_daisy":1,"minecraft:tall_seagrass":2,"minecraft:iron_ore":161,"minecraft:cobbled_deepslate":11,"minecraft:azure_bluet":4,"minecraft:flowering_azalea_leaves":9,"minecraft:dirt_path":1,"minecraft:oak_stairs":2,"minecraft:azalea_leaves":18,"minecraft:orange_bed":2,"minecraft:deepslate_redstone_ore":8,"minecraft:crimson_nylium":3,"minecraft:torch":1,"minecraft:calcite":2,"minecraft:poppy":3,"minecraft:chest":10,"minecraft:glass":18,"minecraft:nether_quartz_ore":30,"minecraft:cobblestone":128,"minecraft:sugar_cane":1,"minecraft:oak_planks":107,"minecraft:wall_torch":2,"minecraft:amethyst_block":2,"minecraft:seagrass":1,"minecraft:fire_coral_fan":1,"minecraft:repeater":1,"minecraft:nether_wart_block":5,"minecraft:birch_log":58,"minecraft:wheat":195,"minecraft:black_bed":4,"minecraft:yellow_glazed_terracotta":6,"minecraft:oak_log":309,"minecraft:sand":402,"minecraft:dirt":267,"minecraft:dispenser":3,"minecraft:stonecutter":2,"minecraft:netherrack":26,"minecraft:oak_leaves":6,"minecraft:deepslate":274,"minecraft:suspicious_gravel":3,"minecraft:tuff":49,"minecraft:deepslate_diamond_ore":48,"minecraft:oak_door":2,"minecraft:redstone_wire":8,"minecraft:crimson_stem":17,"minecraft:hay_block":35,"minecraft:furnace":13,"minecraft:carrots":103,"minecraft:andesite":31,"minecraft:peony":2,"minecraft:deepslate_iron_ore":103,"minecraft:cobblestone_slab":6,"minecraft:rail":2,"minecraft:brain_coral_wall_fan":1,"minecraft:stone":1551,"minecraft:white_wool":1,"minecraft:brain_coral":1,"minecraft:comparator":2,"minecraft:observer":4,"minecraft:dandelion":19,"minecraft:fire_coral":1,"minecraft:oak_fence":1,"minecraft:crafting_table":12,"minecraft:cornflower":3,"minecraft:short_grass":172,"minecraft:lectern":4,"minecraft:brain_coral_fan":1,"minecraft:tall_grass":28,"minecraft:copper_ore":26,"minecraft:lapis_ore":1,"minecraft:deepslate_gold_ore":36,"minecraft:diorite":144,"minecraft:birch_planks":53,"minecraft:sea_pickle":2,"minecraft:birch_leaves":2,"minecraft:coal_ore":173,"minecraft:bubble_coral_wall_fan":1,"minecraft:gravel":47,"minecraft:mossy_stone_bricks":1,"minecraft:gold_ore":3}},"DataVersion":3953}