{"stats":{"minecraft:killed":{"minecraft:cave_spider":2,"minecraft:witch":2,"minecraft:spider":11,"minecraft:skeleton":29,"minecraft:pig":9,"minecraft:zombie_villager":1,"minecraft:creeper":15,"minecraft:sheep":4,"minecraft:pillager":4,"minecraft:zombie":30,"minecraft:cow":7},"minecraft:dropped":{"minecraft:porkchop":9,"minecraft:birch_planks":25,"minecraft:lapis_lazuli":13,"minecraft:glow_ink_sac":3,"minecraft:crossbow":1,"minecraft:leather":6,"minecraft:leather_helmet":2,"minecraft:flint":1,"minecraft:dirt":57,"minecraft:cornflower":1,"minecraft:mutton":5,"minecraft:seagrass":2,"minecraft:bone":2,"minecraft:oak_door":2,"minecraft:gravel":1,"minecraft:cobbled_deepslate":88,"minecraft:pink_dye":1,"minecraft:birch_sapling":1,"minecraft:wheat":94,"minecraft:rotten_flesh":2,"minecraft:white_bed":1,"minecraft:carrot":5,"minecraft:chest":1,"minecraft:arrow":1,"minecraft:beef":3,"minecraft:dead_tube_coral_block":5,"minecraft:bread":3,"minecraft:wheat_seeds":1,"minecraft:cobblestone":27,"minecraft:granite":4,"minecraft:stick":10,"minecraft:diorite":8,"minecraft:string":4,"minecraft:kelp":1,"minecraft:raw_iron":1,"minecraft:dead_bubble_coral_block":1,"minecraft:shears":1,"minecraft:stone":2,"minecraft:diamond_pickaxe":1,"minecraft:andesite":21,"minecraft:oak_boat":1,"minecraft:spider_eye":2,"minecraft:bow":1,"minecraft:stone_pickaxe":2,"minecraft:wooden_pickaxe":1},"minecraft:custom":{"minecraft:animals_bred":28,"minecraft:interact_with_crafting_table":112,"minecraft:leave_game":6,"minecraft:time_since_death":780,"minecraft:sprint_one_cm":1650356,"minecraft:damage_blocked_by_shield":4969,"minecraft:drop":166,"minecraft:talked_to_villager":5,"minecraft:play_time":645534,"minecraft:deaths":29,"minecraft:jump":6652,"minecraft:interact_with_brewingstand":1,"minecraft:walk_on_water_one_cm":95362,"minecraft:interact_with_furnace":106,"minecraft:interact_with_cartography_table":1,"minecraft:sleep_in_bed":34,"minecraft:damage_dealt":22768,"minecraft:player_kills":5,"minecraft:crouch_one_cm":14811,"minecraft:inspect_dispenser":8,"minecraft:mob_kills":117,"minecraft:inspect_hopper":2,"minecraft:climb_one_cm":232,"minecraft:walk_one_cm":1367079,"minecraft:sneak_time":4972,"minecraft:walk_under_water_one_cm":54796,"minecraft:boat_one_cm":615206,"minecraft:total_world_time":645534,"minecraft:time_since_rest":803,"minecraft:damage_taken":14547,"minecraft:swim_one_cm":201222,"minecraft:fly_one_cm":1037690,"minecraft:open_chest":323,"minecraft:fall_one_cm":187084},"minecraft:mined":{"minecraft:white_bed":6,"minecraft:pink_bed":6,"minecraft:brewing_stand":2,"minecraft:obsidian":1,"minecraft:granite":19,"minecraft:budding_amethyst":2,"minecraft:grass_block":168,"minecraft:oak_pressure_plate":2,"minecraft:bubble_coral_block":2,"minecraft:tube_coral_block":10,"minecraft:hopper":13,"minecraft:oxeye_daisy":1,"minecraft:tall_seagrass":2,"minecraft:iron_ore":161,"minecraft:cobbled_deepslate":11,"minecraft:azure_bluet":4,"minecraft:flowering_azalea_leaves":9,"minecraft:dirt_path":1,"minecraft:oak_stairs":2,"minecraft:azalea_leaves":18,"minecraft:orange_bed":2,"minecraft:deepslate_redstone_ore":8,"minecraft:crimson_nylium":3,"minecraft:calcite":2,"minecraft:poppy":3,"minecraft:chest":7,"minecraft:glass":5,"minecraft:nether_quartz_ore":30,"minecraft:cobblestone":73,"minecraft:sugar_cane":1,"minecraft:oak_planks":107,"minecraft:amethyst_block":2,"minecraft:seagrass":1,"minecraft:fire_coral_fan":1,"minecraft:nether_wart_block":4,"minecraft:birch_log":58,"minecraft:wheat":149,"minecraft:black_bed":3,"minecraft:yellow_glazed_terracotta":6,"minecraft:oak_log":309,"minecraft:sand":326,"minecraft:dirt":125,"minecraft:dispenser":3,"minecraft:stonecutter":2,"minecraft:netherrack":26,"minecraft:oak_leaves":6,"minecraft:deepslate":274,"minecraft:suspicious_gravel":3,"minecraft:tuff":49,"minecraft:deepslate_diamond_ore":48,"minecraft:oak_door":2,"minecraft:hay_block":35,"minecraft:furnace":5,"minecraft:carrots":67,"minecraft:andesite":31,"minecraft:peony":2,"minecraft:deepslate_iron_ore":103,"minecraft:rail":2,"minecraft:brain_coral_wall_fan":1,"minecraft:stone":1346,"minecraft:white_wool":1,"minecraft:brain_coral":1,"minecraft:observer":3,"minecraft:dandelion":19,"minecraft:fire_coral":1,"minecraft:oak_fence":1,"minecraft:crafting_table":10,"minecraft:cornflower":3,"minecraft:short_grass":95,"minecraft:lectern":4,"minecraft:brain_coral_fan":1,"minecraft:tall_grass":28,"minecraft:copper_ore":20,"minecraft:lapis_ore":1,"minecraft:deepslate_gold_ore":36,"minecraft:diorite":65,"minecraft:birch_planks":53,"minecraft:sea_pickle":2,"minecraft:birch_leaves":2,"minecraft:coal_ore":173,"minecraft:bubble_coral_wall_fan":1,"minecraft:gravel":16,"minecraft:mossy_stone_bricks":1,"minecraft:gold_ore":3},"minecraft:crafted":{"minecraft:oak_planks":1204,"minecraft:cobblestone_slab":66,"minecraft:pink_bed":1,"minecraft:oak_pressure_plate":4,"minecraft:birch_boat":1,"minecraft:lightning_rod":1,"minecraft:lever":2,"minecraft:glass":215,"minecraft:hopper":9,"minecraft:iron_boots":1,"minecraft:chest":49,"minecraft:rail":16,"minecraft:oak_fence":75,"minecraft:cooked_porkchop":9,"minecraft:crafting_table":6,"minecraft:wooden_pickaxe":2,"minecraft:iron_helmet":1,"minecraft:copper_ingot":6,"minecraft:hopper_minecart":2,"minecraft:birch_planks":156,"minecraft:painting":1,"minecraft:dispenser":2,"minecraft:iron_chestplate":1,"minecraft:diamond_pickaxe":1,"minecraft:yellow_dye":2,"minecraft:shield":3,"minecraft:stick":148,"minecraft:iron_ingot":396,"minecraft:iron_pickaxe":3,"minecraft:iron_block":28,"minecraft:gold_ingot":26,"minecraft:black_bed":3,"minecraft:shears":5,"minecraft:oak_door":3,"minecraft:stone_shovel":2,"minecraft:furnace":10,"minecraft:pink_dye":2,"minecraft:white_carpet":6,"minecraft:diamond_block":5,"minecraft:iron_axe":5,"minecraft:iron_hoe":1,"minecraft:stone_pickaxe":20,"minecraft:minecart":2,"minecraft:observer":2,"minecraft:wheat":315,"minecraft:red_dye":1,"minecraft:bucket":3,"minecraft:stone_axe":4,"minecraft:orange_dye":2,"minecraft:bread":119,"minecraft:blue_dye":1,"minecraft:wooden_axe":1,"minecraft:oak_stairs":8,"minecraft:iron_shovel":2,"minecraft:iron_leggings":1,"minecraft:white_bed":1,"minecraft:torch":24,"minecraft:orange_bed":1},"minecraft:broken":{"minecraft:iron_shovel":2,"minecraft:stone_pickaxe":15,"minecraft:stone_axe":3,"minecraft:wooden_pickaxe":1,"minecraft:shield":1,"minecraft:iron_axe":3,"minecraft:iron_pickaxe":1},"minecraft:picked_up":{"minecraft:wooden_axe":1,"minecraft:seagrass":2,"minecraft:wheat":167,"minecraft:oak_stairs":2,"minecraft:brewing_stand":2,"minecraft:amethyst_block":4,"minecraft:string":20,"minecraft:dead_tube_coral_block":6,"minecraft:raw_copper":82,"minecraft:sea_pickle":8,"minecraft:cobbled_deepslate":436,"minecraft:calcite":4,"minecraft:iron_pickaxe":1,"minecraft:furnace":6,"minecraft:golden_helmet":1,"minecraft:stick":17,"minecraft:oak_fence":1,"minecraft:torch":1,"minecraft:porkchop":18,"minecraft:diorite":75,"minecraft:orange_bed":2,"minecraft:rotten_flesh":65,"minecraft:iron_block":17,"minecraft:obsidian":11,"minecraft:cobblestone":1730,"minecraft:birch_log":61,"minecraft:cooked_beef":12,"minecraft:andesite":54,"minecraft:black_bed":4,"minecraft:flint":2,"minecraft:tuff":75,"minecraft:lapis_lazuli":19,"minecraft:dirt":474,"minecraft:glass":2,"minecraft:bone":58,"minecraft:stonecutter":2,"minecraft:bow":5,"minecraft:wheat_seeds":355,"minecraft:raw_gold":65,"minecraft:mossy_stone_bricks":1,"minecraft:oak_planks":113,"minecraft:cooked_porkchop":2,"minecraft:oak_pressure_plate":2,"minecraft:sand":352,"minecraft:diamond_block":5,"minecraft:dispenser":3,"minecraft:diamond":51,"minecraft:lever":2,"minecraft:crossbow":1,"minecraft:granite":19,"minecraft:bone_meal":3,"minecraft:emerald":2,"minecraft:bread":3,"minecraft:oak_sapling":14,"minecraft:netherrack":27,"minecraft:diamond_pickaxe":1,"minecraft:crafting_table":14,"minecraft:azure_bluet":4,"minecraft:ominous_bottle":2,"minecraft:leather_leggings":2,"minecraft:pink_wool":8,"minecraft:cornflower":4,"minecraft:iron_shovel":1,"minecraft:beef":8,"minecraft:oak_boat":1,"minecraft:observer":3,"minecraft:poppy":3,"minecraft:lectern":4,"minecraft:sugar_cane":2,"minecraft:chest":8,"minecraft:birch_sapling":4,"minecraft:egg":60,"minecraft:raw_iron":289,"minecraft:stone":2,"minecraft:oak_door":6,"minecraft:carrot":230,"minecraft:redstone":41,"minecraft:arrow":46,"minecraft:peony":2,"minecraft:shears":2,"minecraft:hay_block":35,"minecraft:gold_ingot":10,"minecraft:mutton":7,"minecraft:white_wool":23,"minecraft:rail":9,"minecraft:oxeye_daisy":2,"minecraft:glow_ink_sac":12,"minecraft:leather":10,"minecraft:birch_planks":101,"minecraft:mushroom_stew":5,"minecraft:oak_log":309,"minecraft:yellow_glazed_terracotta":12,"minecraft:nether_wart_block":4,"minecraft:gunpowder":35,"minecraft:white_banner":2,"minecraft:cooked_mutton":2,"minecraft:coast_armor_trim_smithing_template":2,"minecraft:apple":4,"minecraft:kelp":1,"minecraft:iron_ingot":8,"minecraft:stone_pickaxe":1,"minecraft:glass_bottle":2,"minecraft:flowering_azalea":1,"minecraft:tropical_fish_bucket":2,"minecraft:pink_bed":6,"minecraft:birch_boat":1,"minecraft:quartz":30,"minecraft:dandelion":20,"minecraft:gravel":27,"minecraft:amethyst_shard":8,"minecraft:white_bed":5,"minecraft:spider_eye":2,"minecraft:leather_helmet":3,"minecraft:stone_axe":1,"minecraft:dead_bubble_coral_block":1,"minecraft:painting":2,"minecraft:black_wool":15,"minecraft:coal":256,"minecraft:hopper":13},"minecraft:killed_by":{"minecraft:creeper":5,"minecraft:pillager":2,"minecraft:zombie":1,"minecraft:player":7,"minecraft:skeleton":7},"minecraft:used":{"minecraft:peony":1,"minecraft:iron_shovel":374,"minecraft:dispenser":5,"minecraft:poppy":2,"minecraft:chest":45,"minecraft:shield":85,"minecraft:carrot":103,"minecraft:tuff":29,"minecraft:azure_bluet":4,"minecraft:obsidian":11,"minecraft:glass":212,"minecraft:birch_sapling":1,"minecraft:hopper_minecart":3,"minecraft:bow":4,"minecraft:oak_sapling":14,"minecraft:furnace":16,"minecraft:egg":60,"minecraft:diorite":12,"minecraft:oak_planks":768,"minecraft:stone_pickaxe":2008,"minecraft:wooden_pickaxe":104,"minecraft:white_wool":1,"minecraft:sand":2,"minecraft:mushroom_stew":4,"minecraft:black_bed":5,"minecraft:shears":2,"minecraft:lightning_rod":1,"minecraft:lever":2,"minecraft:bread":121,"minecraft:lectern":2,"minecraft:oak_pressure_plate":4,"minecraft:gravel":2,"minecraft:nether_wart_block":4,"minecraft:tropical_fish_bucket":3,"minecraft:bone_meal":3,"minecraft:oak_fence":63,"minecraft:dead_tube_coral_block":1,"minecraft:stone_shovel":107,"minecraft:redstone":2,"minecraft:netherrack":27,"minecraft:oak_door":3,"minecraft:orange_bed":2,"minecraft:torch":15,"minecraft:brewing_stand":2,"minecraft:dirt":96,"minecraft:white_carpet":4,"minecraft:hopper":15,"minecraft:granite":6,"minecraft:iron_hoe":52,"minecraft:wooden_axe":19,"minecraft:flowering_azalea":1,"minecraft:iron_axe":612,"minecraft:oak_stairs":6,"minecraft:cooked_beef":12,"minecraft:observer":5,"minecraft:cobbled_deepslate":148,"minecraft:wheat_seeds":159,"minecraft:cooked_mutton":2,"minecraft:water_bucket":31,"minecraft:birch_planks":55,"minecraft:birch_boat":2,"minecraft:stonecutter":2,"minecraft:rail":11,"minecraft:crafting_table":17,"minecraft:white_bed":3,"minecraft:painting":3,"minecraft:oak_log":2,"minecraft:cornflower":2,"minecraft:diamond_pickaxe":88,"minecraft:oxeye_daisy":2,"minecraft:iron_pickaxe":361,"minecraft:stone_axe":300,"minecraft:pink_bed":7,"minecraft:cobblestone":353,"minecraft:white_banner":1,"minecraft:cooked_porkchop":7,"minecraft:bucket":37,"minecraft:dandelion":12}},"DataVersion":3953}