{"stats":{"minecraft:killed":{"minecraft:cave_spider":2,"minecraft:witch":1,"minecraft:spider":10,"minecraft:skeleton":27,"minecraft:pig":9,"minecraft:zombie_villager":1,"minecraft:creeper":12,"minecraft:sheep":4,"minecraft:pillager":4,"minecraft:zombie":29,"minecraft:cow":7},"minecraft:dropped":{"minecraft:birch_planks":25,"minecraft:porkchop":9,"minecraft:wheat_seeds":1,"minecraft:lapis_lazuli":13,"minecraft:glow_ink_sac":3,"minecraft:crossbow":1,"minecraft:cobblestone":5,"minecraft:leather":6,"minecraft:granite":4,"minecraft:leather_helmet":2,"minecraft:flint":1,"minecraft:stick":10,"minecraft:dirt":56,"minecraft:diorite":8,"minecraft:cornflower":1,"minecraft:mutton":5,"minecraft:seagrass":2,"minecraft:string":4,"minecraft:bone":2,"minecraft:oak_door":2,"minecraft:gravel":1,"minecraft:kelp":1,"minecraft:cobbled_deepslate":88,"minecraft:wheat":13,"minecraft:pink_dye":1,"minecraft:birch_sapling":1,"minecraft:raw_iron":1,"minecraft:dead_bubble_coral_block":1,"minecraft:rotten_flesh":2,"minecraft:shears":1,"minecraft:stone":2,"minecraft:andesite":21,"minecraft:chest":1,"minecraft:spider_eye":2,"minecraft:bow":1,"minecraft:arrow":1,"minecraft:beef":3,"minecraft:wooden_pickaxe":1,"minecraft:dead_tube_coral_block":5},"minecraft:killed_by":{"minecraft:player":2,"minecraft:creeper":4,"minecraft:pillager":2,"minecraft:skeleton":6,"minecraft:zombie":1},"minecraft:broken":{"minecraft:iron_shovel":1,"minecraft:wooden_pickaxe":1,"minecraft:stone_pickaxe":6,"minecraft:shield":1,"minecraft:iron_axe":2,"minecraft:stone_axe":3},"minecraft:custom":{"minecraft:mob_kills":109,"minecraft:interact_with_crafting_table":59,"minecraft:leave_game":4,"minecraft:time_since_death":81673,"minecraft:sprint_one_cm":920693,"minecraft:walk_one_cm":947178,"minecraft:damage_blocked_by_shield":4969,"minecraft:drop":49,"minecraft:play_time":432311,"minecraft:sneak_time":3081,"minecraft:deaths":21,"minecraft:walk_under_water_one_cm":33892,"minecraft:boat_one_cm":615206,"minecraft:jump":4526,"minecraft:walk_on_water_one_cm":60845,"minecraft:total_world_time":432311,"minecraft:interact_with_furnace":74,"minecraft:interact_with_cartography_table":1,"minecraft:sleep_in_bed":17,"minecraft:time_since_rest":2862,"minecraft:damage_taken":11178,"minecraft:damage_dealt":20519,"minecraft:player_kills":3,"minecraft:swim_one_cm":181245,"minecraft:fly_one_cm":655432,"minecraft:open_chest":134,"minecraft:crouch_one_cm":9733,"minecraft:fall_one_cm":130593},"minecraft:picked_up":{"minecraft:wooden_axe":1,"minecraft:seagrass":2,"minecraft:crafting_table":13,"minecraft:wheat":77,"minecraft:ominous_bottle":2,"minecraft:leather_leggings":2,"minecraft:pink_wool":8,"minecraft:oak_stairs":2,"minecraft:brewing_stand":2,"minecraft:amethyst_block":4,"minecraft:cornflower":2,"minecraft:string":15,"minecraft:dead_tube_coral_block":6,"minecraft:raw_copper":12,"minecraft:iron_shovel":1,"minecraft:sea_pickle":8,"minecraft:cobbled_deepslate":419,"minecraft:beef":8,"minecraft:calcite":4,"minecraft:poppy":1,"minecraft:iron_pickaxe":1,"minecraft:lectern":2,"minecraft:sugar_cane":2,"minecraft:chest":5,"minecraft:birch_sapling":4,"minecraft:furnace":5,"minecraft:egg":2,"minecraft:golden_helmet":1,"minecraft:stick":12,"minecraft:raw_iron":270,"minecraft:stone":2,"minecraft:oak_door":6,"minecraft:torch":1,"minecraft:porkchop":18,"minecraft:diorite":17,"minecraft:carrot":45,"minecraft:orange_bed":2,"minecraft:arrow":45,"minecraft:rotten_flesh":65,"minecraft:peony":2,"minecraft:shears":2,"minecraft:hay_block":35,"minecraft:iron_block":17,"minecraft:mutton":5,"minecraft:rail":2,"minecraft:white_wool":14,"minecraft:cobblestone":454,"minecraft:oxeye_daisy":1,"minecraft:birch_log":61,"minecraft:cooked_beef":12,"minecraft:glow_ink_sac":12,"minecraft:andesite":47,"minecraft:black_bed":3,"minecraft:leather":10,"minecraft:mushroom_stew":4,"minecraft:birch_planks":101,"minecraft:flint":2,"minecraft:tuff":67,"minecraft:oak_log":267,"minecraft:yellow_glazed_terracotta":12,"minecraft:gunpowder":33,"minecraft:lapis_lazuli":13,"minecraft:dirt":339,"minecraft:white_banner":2,"minecraft:cooked_mutton":2,"minecraft:coast_armor_trim_smithing_template":2,"minecraft:glass":2,"minecraft:bone":52,"minecraft:apple":4,"minecraft:bow":5,"minecraft:kelp":1,"minecraft:stonecutter":2,"minecraft:wheat_seeds":162,"minecraft:raw_gold":55,"minecraft:iron_ingot":7,"minecraft:mossy_stone_bricks":1,"minecraft:oak_planks":105,"minecraft:flowering_azalea":1,"minecraft:tropical_fish_bucket":2,"minecraft:pink_bed":6,"minecraft:cooked_porkchop":2,"minecraft:birch_boat":1,"minecraft:dandelion":2,"minecraft:gravel":27,"minecraft:sand":192,"minecraft:amethyst_shard":8,"minecraft:white_bed":4,"minecraft:diamond_block":5,"minecraft:spider_eye":2,"minecraft:leather_helmet":3,"minecraft:diamond":51,"minecraft:dead_bubble_coral_block":1,"minecraft:crossbow":1,"minecraft:granite":10,"minecraft:bone_meal":3,"minecraft:bread":3,"minecraft:emerald":2,"minecraft:oak_sapling":14,"minecraft:black_wool":15,"minecraft:coal":180},"minecraft:crafted":{"minecraft:oak_door":3,"minecraft:oak_planks":1060,"minecraft:stone_shovel":1,"minecraft:pink_bed":1,"minecraft:birch_boat":1,"minecraft:furnace":2,"minecraft:pink_dye":2,"minecraft:diamond_block":5,"minecraft:glass":163,"minecraft:iron_boots":1,"minecraft:iron_axe":4,"minecraft:iron_hoe":1,"minecraft:stone_pickaxe":7,"minecraft:chest":36,"minecraft:oak_fence":21,"minecraft:wheat":315,"minecraft:red_dye":1,"minecraft:cooked_porkchop":9,"minecraft:crafting_table":4,"minecraft:wooden_pickaxe":2,"minecraft:iron_helmet":1,"minecraft:bucket":2,"minecraft:birch_planks":156,"minecraft:stone_axe":4,"minecraft:orange_dye":2,"minecraft:bread":113,"minecraft:iron_chestplate":1,"minecraft:yellow_dye":1,"minecraft:shield":3,"minecraft:stick":92,"minecraft:oak_stairs":8,"minecraft:iron_ingot":222,"minecraft:iron_pickaxe":3,"minecraft:wooden_axe":1,"minecraft:iron_block":17,"minecraft:iron_shovel":1,"minecraft:black_bed":1,"minecraft:iron_leggings":1,"minecraft:white_bed":1,"minecraft:torch":8,"minecraft:orange_bed":1,"minecraft:shears":1},"minecraft:used":{"minecraft:peony":1,"minecraft:iron_shovel":291,"minecraft:dead_tube_coral_block":1,"minecraft:stone_shovel":19,"minecraft:chest":39,"minecraft:shield":85,"minecraft:oak_door":3,"minecraft:orange_bed":2,"minecraft:torch":9,"minecraft:brewing_stand":2,"minecraft:dirt":25,"minecraft:carrot":50,"minecraft:tuff":29,"minecraft:granite":6,"minecraft:glass":165,"minecraft:iron_hoe":52,"minecraft:wooden_axe":19,"minecraft:flowering_azalea":1,"minecraft:iron_axe":539,"minecraft:oak_stairs":6,"minecraft:birch_sapling":1,"minecraft:oak_sapling":10,"minecraft:furnace":7,"minecraft:egg":2,"minecraft:cooked_beef":12,"minecraft:cobbled_deepslate":147,"minecraft:wheat_seeds":93,"minecraft:cooked_mutton":2,"minecraft:water_bucket":30,"minecraft:diorite":9,"minecraft:birch_planks":55,"minecraft:stone_pickaxe":822,"minecraft:oak_planks":755,"minecraft:wooden_pickaxe":104,"minecraft:birch_boat":2,"minecraft:stonecutter":2,"minecraft:crafting_table":15,"minecraft:white_bed":3,"minecraft:black_bed":2,"minecraft:shears":2,"minecraft:oak_log":2,"minecraft:cornflower":2,"minecraft:oxeye_daisy":1,"minecraft:bread":81,"minecraft:iron_pickaxe":209,"minecraft:lectern":2,"minecraft:gravel":2,"minecraft:pink_bed":7,"minecraft:stone_axe":300,"minecraft:cobblestone":229,"minecraft:white_banner":1,"minecraft:cooked_porkchop":7,"minecraft:bucket":35,"minecraft:dandelion":1,"minecraft:tropical_fish_bucket":3,"minecraft:bone_meal":3},"minecraft:mined":{"minecraft:tuff":41,"minecraft:white_bed":4,"minecraft:pink_bed":5,"minecraft:deepslate_diamond_ore":48,"minecraft:oak_door":2,"minecraft:brewing_stand":2,"minecraft:granite":10,"minecraft:budding_amethyst":2,"minecraft:grass_block":123,"minecraft:bubble_coral_block":2,"minecraft:tube_coral_block":10,"minecraft:hay_block":35,"minecraft:furnace":4,"minecraft:carrots":15,"minecraft:iron_ore":142,"minecraft:cobbled_deepslate":11,"minecraft:andesite":24,"minecraft:peony":2,"minecraft:deepslate_iron_ore":103,"minecraft:flowering_azalea_leaves":9,"minecraft:oak_stairs":2,"minecraft:brain_coral_wall_fan":1,"minecraft:azalea_leaves":18,"minecraft:stone":262,"minecraft:orange_bed":2,"minecraft:brain_coral":1,"minecraft:dandelion":1,"minecraft:cornflower":1,"minecraft:fire_coral":1,"minecraft:crafting_table":10,"minecraft:short_grass":49,"minecraft:calcite":2,"minecraft:poppy":1,"minecraft:chest":5,"minecraft:lectern":2,"minecraft:glass":2,"minecraft:brain_coral_fan":1,"minecraft:tall_grass":18,"minecraft:copper_ore":2,"minecraft:cobblestone":29,"minecraft:oak_planks":105,"minecraft:deepslate_gold_ore":26,"minecraft:sugar_cane":1,"minecraft:diorite":10,"minecraft:amethyst_block":2,"minecraft:seagrass":1,"minecraft:birch_planks":53,"minecraft:fire_coral_fan":1,"minecraft:sea_pickle":2,"minecraft:birch_log":58,"minecraft:wheat":83,"minecraft:birch_leaves":2,"minecraft:black_bed":2,"minecraft:yellow_glazed_terracotta":6,"minecraft:oak_log":267,"minecraft:coal_ore":124,"minecraft:sand":165,"minecraft:gravel":16,"minecraft:bubble_coral_wall_fan":1,"minecraft:dirt":32,"minecraft:stonecutter":2,"minecraft:gold_ore":3,"minecraft:mossy_stone_bricks":1,"minecraft:oak_leaves":6,"minecraft:deepslate":257,"minecraft:suspicious_gravel":3}},"DataVersion":3953}