{"stats":{"minecraft:custom":{"minecraft:animals_bred":90,"minecraft:interact_with_crafting_table":205,"minecraft:leave_game":9,"minecraft:time_since_death":91648,"minecraft:sprint_one_cm":2410697,"minecraft:damage_blocked_by_shield":6096,"minecraft:drop":220,"minecraft:talked_to_villager":245,"minecraft:play_time":1279305,"minecraft:deaths":43,"minecraft:jump":11623,"minecraft:interact_with_brewingstand":1,"minecraft:walk_on_water_one_cm":141168,"minecraft:interact_with_furnace":164,"minecraft:traded_with_villager":56,"minecraft:interact_with_cartography_table":1,"minecraft:sleep_in_bed":78,"minecraft:damage_dealt":32293,"minecraft:player_kills":19,"minecraft:crouch_one_cm":49756,"minecraft:inspect_dispenser":52,"minecraft:mob_kills":154,"minecraft:inspect_hopper":15,"minecraft:climb_one_cm":232,"minecraft:walk_one_cm":4183051,"minecraft:sneak_time":14514,"minecraft:walk_under_water_one_cm":75423,"minecraft:boat_one_cm":630102,"minecraft:total_world_time":1279305,"minecraft:interact_with_stonecutter":1,"minecraft:time_since_rest":31233,"minecraft:damage_taken":20413,"minecraft:swim_one_cm":222368,"minecraft:fly_one_cm":1538552,"minecraft:open_chest":855,"minecraft:fall_one_cm":282369},"minecraft:used":{"minecraft:peony":1,"minecraft:iron_shovel":585,"minecraft:dispenser":10,"minecraft:poppy":2,"minecraft:shield":101,"minecraft:chest":60,"minecraft:stone":268,"minecraft:mutton":2,"minecraft:carrot":443,"minecraft:tuff":29,"minecraft:azure_bluet":4,"minecraft:obsidian":11,"minecraft:glass":351,"minecraft:birch_sapling":1,"minecraft:hopper_minecart":5,"minecraft:bow":8,"minecraft:oak_sapling":15,"minecraft:furnace":24,"minecraft:egg":1175,"minecraft:diorite":12,"minecraft:oak_planks":820,"minecraft:stone_pickaxe":2588,"minecraft:powered_rail":7,"minecraft:wooden_pickaxe":104,"minecraft:redstone_block":2,"minecraft:composter":2,"minecraft:sugar_cane":47,"minecraft:blue_bed":21,"minecraft:white_wool":1,"minecraft:sand":4,"minecraft:mushroom_stew":24,"minecraft:black_bed":5,"minecraft:shears":2,"minecraft:pumpkin_seeds":12,"minecraft:lightning_rod":1,"minecraft:lever":9,"minecraft:stone_button":4,"minecraft:bread":150,"minecraft:lectern":213,"minecraft:oak_pressure_plate":4,"minecraft:gravel":15,"minecraft:nether_wart_block":4,"minecraft:oak_boat":6,"minecraft:tropical_fish_bucket":3,"minecraft:bone_meal":18,"minecraft:oak_fence":105,"minecraft:oak_trapdoor":14,"minecraft:dead_tube_coral_block":1,"minecraft:stone_shovel":193,"minecraft:redstone":39,"minecraft:stone_hoe":34,"minecraft:netherrack":33,"minecraft:oak_door":10,"minecraft:orange_bed":2,"minecraft:torch":35,"minecraft:brewing_stand":2,"minecraft:dirt":576,"minecraft:white_carpet":25,"minecraft:hopper":30,"minecraft:yellow_carpet":6,"minecraft:granite":6,"minecraft:iron_hoe":52,"minecraft:wooden_axe":19,"minecraft:flowering_azalea":1,"minecraft:iron_axe":1216,"minecraft:oak_stairs":6,"minecraft:crimson_planks":70,"minecraft:melon_seeds":9,"minecraft:minecart":4,"minecraft:cooked_beef":12,"minecraft:observer":36,"minecraft:cobbled_deepslate":152,"minecraft:wheat_seeds":467,"minecraft:cooked_mutton":6,"minecraft:water_bucket":69,"minecraft:birch_planks":55,"minecraft:blue_wool":266,"minecraft:birch_boat":2,"minecraft:cobblestone_slab":159,"minecraft:stonecutter":2,"minecraft:rail":49,"minecraft:comparator":10,"minecraft:crafting_table":23,"minecraft:crimson_trapdoor":4,"minecraft:white_bed":3,"minecraft:painting":3,"minecraft:oak_log":2,"minecraft:piston":29,"minecraft:cornflower":2,"minecraft:diamond_pickaxe":88,"minecraft:oxeye_daisy":2,"minecraft:iron_pickaxe":646,"minecraft:stone_axe":300,"minecraft:pink_bed":7,"minecraft:cobblestone":711,"minecraft:white_banner":2,"minecraft:cooked_porkchop":7,"minecraft:bucket":79,"minecraft:yellow_bed":24,"minecraft:dandelion":12},"minecraft:killed_by":{"minecraft:creeper":5,"minecraft:pillager":2,"minecraft:piglin":1,"minecraft:zombie":2,"minecraft:player":11,"minecraft:skeleton":14},"minecraft:mined":{"minecraft:white_bed":6,"minecraft:farmland":10,"minecraft:pink_bed":6,"minecraft:brewing_stand":2,"minecraft:obsidian":1,"minecraft:granite":49,"minecraft:budding_amethyst":2,"minecraft:grass_block":213,"minecraft:oak_pressure_plate":2,"minecraft:blue_wool":10,"minecraft:tube_coral_block":10,"minecraft:bubble_coral_block":2,"minecraft:composter":1,"minecraft:hopper":18,"minecraft:oxeye_daisy":1,"minecraft:tall_seagrass":2,"minecraft:iron_ore":251,"minecraft:cobbled_deepslate":12,"minecraft:pumpkin":72,"minecraft:azure_bluet":4,"minecraft:flowering_azalea_leaves":9,"minecraft:dirt_path":1,"minecraft:oak_stairs":2,"minecraft:azalea_leaves":18,"minecraft:orange_bed":2,"minecraft:deepslate_redstone_ore":19,"minecraft:crimson_nylium":4,"minecraft:torch":1,"minecraft:calcite":2,"minecraft:poppy":3,"minecraft:chest":13,"minecraft:glass":27,"minecraft:nether_quartz_ore":37,"minecraft:cobblestone":233,"minecraft:oak_planks":159,"minecraft:sugar_cane":77,"minecraft:wall_torch":3,"minecraft:amethyst_block":2,"minecraft:seagrass":1,"minecraft:fire_coral_fan":1,"minecraft:repeater":1,"minecraft:powered_rail":1,"minecraft:nether_wart_block":5,"minecraft:birch_log":58,"minecraft:wheat":465,"minecraft:black_bed":4,"minecraft:yellow_glazed_terracotta":6,"minecraft:oak_log":309,"minecraft:sand":403,"minecraft:dirt":497,"minecraft:crimson_planks":9,"minecraft:stonecutter":2,"minecraft:dispenser":3,"minecraft:netherrack":43,"minecraft:piston":7,"minecraft:oak_leaves":6,"minecraft:deepslate":288,"minecraft:suspicious_gravel":3,"minecraft:tuff":49,"minecraft:deepslate_diamond_ore":50,"minecraft:oak_door":6,"minecraft:lever":7,"minecraft:stone_button":2,"minecraft:redstone_wire":22,"minecraft:crimson_stem":55,"minecraft:hay_block":35,"minecraft:redstone_ore":12,"minecraft:oak_trapdoor":14,"minecraft:furnace":13,"minecraft:carrots":395,"minecraft:andesite":35,"minecraft:peony":3,"minecraft:deepslate_iron_ore":119,"minecraft:cobblestone_slab":48,"minecraft:rail":14,"minecraft:brain_coral_wall_fan":1,"minecraft:stone":1625,"minecraft:white_wool":1,"minecraft:brain_coral":1,"minecraft:comparator":9,"minecraft:observer":9,"minecraft:dandelion":19,"minecraft:oak_fence":41,"minecraft:fire_coral":1,"minecraft:crafting_table":15,"minecraft:cornflower":3,"minecraft:short_grass":175,"minecraft:lectern":213,"minecraft:brain_coral_fan":1,"minecraft:copper_ore":26,"minecraft:tall_grass":31,"minecraft:lapis_ore":1,"minecraft:deepslate_gold_ore":37,"minecraft:diorite":147,"minecraft:blue_bed":4,"minecraft:birch_planks":53,"minecraft:sea_pickle":2,"minecraft:white_carpet":2,"minecraft:birch_leaves":2,"minecraft:yellow_bed":4,"minecraft:coal_ore":213,"minecraft:bubble_coral_wall_fan":1,"minecraft:gravel":53,"minecraft:mossy_stone_bricks":1,"minecraft:gold_ore":6},"minecraft:dropped":{"minecraft:birch_planks":25,"minecraft:porkchop":9,"minecraft:lapis_lazuli":13,"minecraft:glow_ink_sac":3,"minecraft:crossbow":1,"minecraft:black_bed":1,"minecraft:leather":6,"minecraft:leather_helmet":2,"minecraft:flint":1,"minecraft:dirt":57,"minecraft:cornflower":1,"minecraft:mutton":8,"minecraft:seagrass":2,"minecraft:bone":2,"minecraft:oak_door":2,"minecraft:gravel":1,"minecraft:stone_axe":1,"minecraft:cobbled_deepslate":88,"minecraft:pink_dye":1,"minecraft:wheat":97,"minecraft:birch_sapling":1,"minecraft:rotten_flesh":2,"minecraft:white_bed":1,"minecraft:carrot":5,"minecraft:chest":1,"minecraft:arrow":3,"minecraft:glass":33,"minecraft:beef":3,"minecraft:quartz":27,"minecraft:dead_tube_coral_block":5,"minecraft:egg":17,"minecraft:bread":5,"minecraft:wheat_seeds":65,"minecraft:cobblestone":27,"minecraft:granite":4,"minecraft:mushroom_stew":1,"minecraft:stick":32,"minecraft:diorite":8,"minecraft:string":4,"minecraft:redstone":31,"minecraft:kelp":1,"minecraft:raw_iron":1,"minecraft:dead_bubble_coral_block":1,"minecraft:shears":1,"minecraft:stone":2,"minecraft:diamond_pickaxe":1,"minecraft:andesite":21,"minecraft:oak_boat":1,"minecraft:spider_eye":3,"minecraft:bow":1,"minecraft:stone_pickaxe":2,"minecraft:wooden_pickaxe":1,"minecraft:brick":1},"minecraft:crafted":{"minecraft:brick":2,"minecraft:oak_planks":1484,"minecraft:cobblestone_slab":138,"minecraft:pink_bed":1,"minecraft:oak_pressure_plate":4,"minecraft:birch_boat":1,"minecraft:lightning_rod":1,"minecraft:stone":184,"minecraft:lever":4,"minecraft:bookshelf":2,"minecraft:glass":395,"minecraft:hopper":17,"minecraft:bow":5,"minecraft:iron_boots":1,"minecraft:chest":66,"minecraft:rail":48,"minecraft:stone_hoe":1,"minecraft:oak_fence":75,"minecraft:oak_slab":12,"minecraft:emerald":54,"minecraft:cooked_porkchop":9,"minecraft:crafting_table":6,"minecraft:wooden_pickaxe":2,"minecraft:iron_helmet":1,"minecraft:copper_ingot":6,"minecraft:hopper_minecart":3,"minecraft:birch_planks":156,"minecraft:pumpkin_seeds":12,"minecraft:painting":1,"minecraft:dispenser":6,"minecraft:lectern":2,"minecraft:iron_chestplate":1,"minecraft:book":22,"minecraft:paper":66,"minecraft:diamond_pickaxe":1,"minecraft:yellow_dye":2,"minecraft:shield":3,"minecraft:stick":200,"minecraft:iron_ingot":602,"minecraft:iron_pickaxe":4,"minecraft:iron_block":40,"minecraft:gold_ingot":26,"minecraft:black_bed":3,"minecraft:composter":1,"minecraft:shears":5,"minecraft:oak_door":3,"minecraft:stone_shovel":3,"minecraft:crimson_trapdoor":4,"minecraft:furnace":10,"minecraft:stone_button":2,"minecraft:piston":22,"minecraft:yellow_bed":21,"minecraft:pink_dye":4,"minecraft:white_carpet":21,"minecraft:diamond_block":5,"minecraft:iron_axe":8,"minecraft:iron_hoe":1,"minecraft:stone_pickaxe":21,"minecraft:redstone_block":2,"minecraft:golden_helmet":1,"minecraft:observer":27,"minecraft:minecart":3,"minecraft:wheat":315,"minecraft:red_dye":1,"minecraft:crimson_planks":176,"minecraft:yellow_carpet":6,"minecraft:powered_rail":6,"minecraft:crimson_slab":6,"minecraft:blue_bed":18,"minecraft:bucket":6,"minecraft:stone_axe":4,"minecraft:enchanted_book":1,"minecraft:orange_dye":2,"minecraft:bread":149,"minecraft:blue_dye":1,"minecraft:oak_stairs":8,"minecraft:wooden_axe":1,"minecraft:iron_shovel":2,"minecraft:iron_leggings":1,"minecraft:white_bed":1,"minecraft:torch":24,"minecraft:orange_bed":1},"minecraft:killed":{"minecraft:cave_spider":2,"minecraft:zombified_piglin":2,"minecraft:witch":2,"minecraft:spider":23,"minecraft:skeleton":35,"minecraft:chicken":3,"minecraft:pig":9,"minecraft:zombie_villager":1,"minecraft:creeper":18,"minecraft:sheep":5,"minecraft:pillager":4,"minecraft:zombie":36,"minecraft:cow":11},"minecraft:broken":{"minecraft:iron_shovel":3,"minecraft:stone_pickaxe":20,"minecraft:stone_axe":3,"minecraft:stone_shovel":1,"minecraft:wooden_pickaxe":1,"minecraft:shield":1,"minecraft:iron_axe":6,"minecraft:iron_pickaxe":2},"minecraft:picked_up":{"minecraft:wooden_axe":1,"minecraft:seagrass":2,"minecraft:wheat":470,"minecraft:yellow_wool":27,"minecraft:oak_stairs":2,"minecraft:crimson_planks":9,"minecraft:brewing_stand":2,"minecraft:amethyst_block":4,"minecraft:string":32,"minecraft:dead_tube_coral_block":6,"minecraft:raw_copper":104,"minecraft:sea_pickle":8,"minecraft:cobbled_deepslate":452,"minecraft:comparator":11,"minecraft:cobblestone_slab":47,"minecraft:calcite":4,"minecraft:hopper_minecart":1,"minecraft:iron_pickaxe":1,"minecraft:furnace":14,"minecraft:blue_wool":25,"minecraft:golden_helmet":1,"minecraft:stick":44,"minecraft:composter":1,"minecraft:oak_fence":41,"minecraft:torch":11,"minecraft:porkchop":18,"minecraft:diorite":156,"minecraft:orange_bed":2,"minecraft:rotten_flesh":69,"minecraft:iron_block":27,"minecraft:obsidian":11,"minecraft:cobblestone":2158,"minecraft:birch_log":61,"minecraft:feather":2,"minecraft:cooked_beef":12,"minecraft:repeater":2,"minecraft:andesite":58,"minecraft:black_bed":5,"minecraft:flint":6,"minecraft:tuff":75,"minecraft:lapis_lazuli":19,"minecraft:dirt":885,"minecraft:glass":37,"minecraft:bone":65,"minecraft:stonecutter":2,"minecraft:bow":5,"minecraft:wheat_seeds":1313,"minecraft:raw_gold":69,"minecraft:mossy_stone_bricks":1,"minecraft:powered_rail":1,"minecraft:oak_planks":302,"minecraft:cooked_porkchop":2,"minecraft:oak_pressure_plate":2,"minecraft:sand":435,"minecraft:diamond_block":5,"minecraft:dispenser":4,"minecraft:diamond":53,"minecraft:lever":9,"minecraft:crossbow":1,"minecraft:granite":49,"minecraft:bone_meal":3,"minecraft:emerald":2,"minecraft:bread":4,"minecraft:oak_sapling":15,"minecraft:netherrack":45,"minecraft:diamond_pickaxe":2,"minecraft:crafting_table":19,"minecraft:azure_bluet":4,"minecraft:ominous_bottle":2,"minecraft:chicken":1,"minecraft:leather_leggings":2,"minecraft:pink_wool":8,"minecraft:brick":1,"minecraft:cornflower":4,"minecraft:oak_trapdoor":14,"minecraft:white_carpet":6,"minecraft:iron_shovel":1,"minecraft:beef":13,"minecraft:oak_boat":9,"minecraft:observer":9,"minecraft:poppy":3,"minecraft:minecart":4,"minecraft:lectern":213,"minecraft:sugar_cane":106,"minecraft:chest":14,"minecraft:birch_sapling":4,"minecraft:piston":7,"minecraft:egg":2102,"minecraft:raw_iron":395,"minecraft:stone":129,"minecraft:oak_door":13,"minecraft:bowl":3,"minecraft:stone_button":2,"minecraft:carrot":1410,"minecraft:redstone":178,"minecraft:arrow":51,"minecraft:stone_shovel":1,"minecraft:peony":3,"minecraft:shears":2,"minecraft:hay_block":35,"minecraft:gold_ingot":10,"minecraft:mutton":12,"minecraft:rail":21,"minecraft:white_wool":28,"minecraft:oxeye_daisy":3,"minecraft:glow_ink_sac":12,"minecraft:crimson_stem":51,"minecraft:leather":13,"minecraft:birch_planks":101,"minecraft:mushroom_stew":7,"minecraft:oak_log":373,"minecraft:yellow_glazed_terracotta":12,"minecraft:yellow_bed":4,"minecraft:nether_wart_block":5,"minecraft:gunpowder":35,"minecraft:blue_bed":4,"minecraft:white_banner":3,"minecraft:cooked_mutton":2,"minecraft:coast_armor_trim_smithing_template":2,"minecraft:apple":4,"minecraft:kelp":1,"minecraft:iron_ingot":8,"minecraft:stone_pickaxe":2,"minecraft:glass_bottle":2,"minecraft:flowering_azalea":1,"minecraft:tropical_fish_bucket":2,"minecraft:pink_bed":6,"minecraft:birch_boat":1,"minecraft:pumpkin":71,"minecraft:quartz":37,"minecraft:dandelion":28,"minecraft:gravel":62,"minecraft:lava_bucket":1,"minecraft:amethyst_shard":8,"minecraft:white_bed":5,"minecraft:spider_eye":6,"minecraft:leather_helmet":3,"minecraft:stone_axe":1,"minecraft:dead_bubble_coral_block":1,"minecraft:painting":2,"minecraft:black_wool":15,"minecraft:coal":350,"minecraft:hopper":18}},"DataVersion":3953}