{"stats":{"minecraft:crafted":{"minecraft:brick":2,"minecraft:oak_planks":1484,"minecraft:cobblestone_slab":102,"minecraft:pink_bed":1,"minecraft:oak_pressure_plate":4,"minecraft:birch_boat":1,"minecraft:lightning_rod":1,"minecraft:stone":184,"minecraft:lever":4,"minecraft:bookshelf":1,"minecraft:glass":291,"minecraft:hopper":15,"minecraft:bow":4,"minecraft:iron_boots":1,"minecraft:chest":63,"minecraft:rail":48,"minecraft:stone_hoe":1,"minecraft:oak_fence":75,"minecraft:oak_slab":12,"minecraft:emerald":45,"minecraft:cooked_porkchop":9,"minecraft:crafting_table":6,"minecraft:wooden_pickaxe":2,"minecraft:iron_helmet":1,"minecraft:copper_ingot":6,"minecraft:hopper_minecart":3,"minecraft:birch_planks":156,"minecraft:pumpkin_seeds":12,"minecraft:painting":1,"minecraft:dispenser":6,"minecraft:lectern":1,"minecraft:iron_chestplate":1,"minecraft:book":1,"minecraft:paper":3,"minecraft:diamond_pickaxe":1,"minecraft:yellow_dye":2,"minecraft:shield":3,"minecraft:stick":196,"minecraft:iron_ingot":512,"minecraft:iron_pickaxe":3,"minecraft:iron_block":33,"minecraft:gold_ingot":26,"minecraft:black_bed":3,"minecraft:composter":1,"minecraft:shears":5,"minecraft:oak_door":3,"minecraft:stone_shovel":3,"minecraft:crimson_trapdoor":4,"minecraft:furnace":10,"minecraft:stone_button":2,"minecraft:piston":10,"minecraft:yellow_bed":21,"minecraft:pink_dye":2,"minecraft:white_carpet":6,"minecraft:diamond_block":5,"minecraft:iron_axe":7,"minecraft:iron_hoe":1,"minecraft:stone_pickaxe":21,"minecraft:redstone_block":2,"minecraft:golden_helmet":1,"minecraft:minecart":3,"minecraft:observer":14,"minecraft:wheat":315,"minecraft:red_dye":1,"minecraft:crimson_planks":132,"minecraft:powered_rail":6,"minecraft:blue_bed":18,"minecraft:bucket":6,"minecraft:stone_axe":4,"minecraft:enchanted_book":1,"minecraft:orange_dye":2,"minecraft:bread":149,"minecraft:blue_dye":1,"minecraft:oak_stairs":8,"minecraft:wooden_axe":1,"minecraft:iron_shovel":2,"minecraft:iron_leggings":1,"minecraft:white_bed":1,"minecraft:torch":24,"minecraft:orange_bed":1},"minecraft:mined":{"minecraft:white_bed":6,"minecraft:farmland":10,"minecraft:pink_bed":6,"minecraft:brewing_stand":2,"minecraft:obsidian":1,"minecraft:granite":49,"minecraft:budding_amethyst":2,"minecraft:grass_block":204,"minecraft:oak_pressure_plate":2,"minecraft:bubble_coral_block":2,"minecraft:tube_coral_block":10,"minecraft:composter":1,"minecraft:hopper":15,"minecraft:oxeye_daisy":1,"minecraft:tall_seagrass":2,"minecraft:iron_ore":198,"minecraft:cobbled_deepslate":12,"minecraft:pumpkin":60,"minecraft:azure_bluet":4,"minecraft:flowering_azalea_leaves":9,"minecraft:dirt_path":1,"minecraft:oak_stairs":2,"minecraft:azalea_leaves":18,"minecraft:orange_bed":2,"minecraft:deepslate_redstone_ore":18,"minecraft:crimson_nylium":4,"minecraft:torch":1,"minecraft:calcite":2,"minecraft:poppy":3,"minecraft:chest":11,"minecraft:nether_quartz_ore":37,"minecraft:glass":22,"minecraft:cobblestone":189,"minecraft:sugar_cane":59,"minecraft:oak_planks":159,"minecraft:wall_torch":2,"minecraft:amethyst_block":2,"minecraft:seagrass":1,"minecraft:fire_coral_fan":1,"minecraft:repeater":1,"minecraft:powered_rail":1,"minecraft:nether_wart_block":5,"minecraft:birch_log":58,"minecraft:wheat":429,"minecraft:black_bed":4,"minecraft:yellow_glazed_terracotta":6,"minecraft:oak_log":309,"minecraft:sand":403,"minecraft:dirt":406,"minecraft:crimson_planks":9,"minecraft:stonecutter":2,"minecraft:dispenser":3,"minecraft:netherrack":43,"minecraft:piston":5,"minecraft:oak_leaves":6,"minecraft:deepslate":288,"minecraft:suspicious_gravel":3,"minecraft:tuff":49,"minecraft:deepslate_diamond_ore":50,"minecraft:oak_door":5,"minecraft:lever":7,"minecraft:redstone_wire":20,"minecraft:crimson_stem":55,"minecraft:hay_block":35,"minecraft:redstone_ore":7,"minecraft:oak_trapdoor":12,"minecraft:furnace":13,"minecraft:carrots":351,"minecraft:andesite":32,"minecraft:peony":2,"minecraft:deepslate_iron_ore":110,"minecraft:cobblestone_slab":40,"minecraft:rail":12,"minecraft:brain_coral_wall_fan":1,"minecraft:stone":1598,"minecraft:white_wool":1,"minecraft:brain_coral":1,"minecraft:comparator":9,"minecraft:observer":7,"minecraft:dandelion":19,"minecraft:fire_coral":1,"minecraft:oak_fence":2,"minecraft:crafting_table":15,"minecraft:cornflower":3,"minecraft:short_grass":174,"minecraft:lectern":128,"minecraft:brain_coral_fan":1,"minecraft:copper_ore":26,"minecraft:tall_grass":31,"minecraft:deepslate_gold_ore":36,"minecraft:lapis_ore":1,"minecraft:diorite":144,"minecraft:blue_bed":3,"minecraft:birch_planks":53,"minecraft:sea_pickle":2,"minecraft:birch_leaves":2,"minecraft:yellow_bed":4,"minecraft:coal_ore":189,"minecraft:bubble_coral_wall_fan":1,"minecraft:gravel":53,"minecraft:mossy_stone_bricks":1,"minecraft:gold_ore":4},"minecraft:dropped":{"minecraft:birch_planks":25,"minecraft:porkchop":9,"minecraft:lapis_lazuli":13,"minecraft:glow_ink_sac":3,"minecraft:crossbow":1,"minecraft:black_bed":1,"minecraft:leather":6,"minecraft:leather_helmet":2,"minecraft:flint":1,"minecraft:dirt":57,"minecraft:cornflower":1,"minecraft:mutton":8,"minecraft:seagrass":2,"minecraft:bone":2,"minecraft:oak_door":2,"minecraft:gravel":1,"minecraft:stone_axe":1,"minecraft:cobbled_deepslate":88,"minecraft:pink_dye":1,"minecraft:wheat":97,"minecraft:birch_sapling":1,"minecraft:rotten_flesh":2,"minecraft:white_bed":1,"minecraft:carrot":5,"minecraft:chest":1,"minecraft:arrow":3,"minecraft:glass":33,"minecraft:beef":3,"minecraft:quartz":27,"minecraft:dead_tube_coral_block":5,"minecraft:bread":5,"minecraft:wheat_seeds":65,"minecraft:cobblestone":27,"minecraft:granite":4,"minecraft:mushroom_stew":1,"minecraft:stick":32,"minecraft:diorite":8,"minecraft:string":4,"minecraft:redstone":31,"minecraft:kelp":1,"minecraft:raw_iron":1,"minecraft:dead_bubble_coral_block":1,"minecraft:shears":1,"minecraft:stone":2,"minecraft:diamond_pickaxe":1,"minecraft:andesite":21,"minecraft:oak_boat":1,"minecraft:spider_eye":3,"minecraft:bow":1,"minecraft:stone_pickaxe":2,"minecraft:wooden_pickaxe":1,"minecraft:brick":1},"minecraft:killed_by":{"minecraft:creeper":5,"minecraft:pillager":2,"minecraft:piglin":1,"minecraft:zombie":2,"minecraft:player":10,"minecraft:skeleton":13},"minecraft:custom":{"minecraft:animals_bred":52,"minecraft:interact_with_crafting_table":179,"minecraft:leave_game":7,"minecraft:time_since_death":37568,"minecraft:sprint_one_cm":2214428,"minecraft:damage_blocked_by_shield":5344,"minecraft:drop":218,"minecraft:talked_to_villager":165,"minecraft:play_time":1128982,"minecraft:deaths":41,"minecraft:jump":10364,"minecraft:interact_with_brewingstand":1,"minecraft:walk_on_water_one_cm":129542,"minecraft:interact_with_furnace":153,"minecraft:traded_with_villager":47,"minecraft:interact_with_cartography_table":1,"minecraft:sleep_in_bed":68,"minecraft:damage_dealt":30405,"minecraft:player_kills":18,"minecraft:crouch_one_cm":35570,"minecraft:inspect_dispenser":49,"minecraft:mob_kills":145,"minecraft:inspect_hopper":14,"minecraft:climb_one_cm":232,"minecraft:walk_one_cm":3467384,"minecraft:sneak_time":11654,"minecraft:walk_under_water_one_cm":73981,"minecraft:boat_one_cm":630102,"minecraft:total_world_time":1128982,"minecraft:interact_with_stonecutter":1,"minecraft:time_since_rest":4187,"minecraft:damage_taken":19086,"minecraft:swim_one_cm":222368,"minecraft:fly_one_cm":1415291,"minecraft:open_chest":701,"minecraft:fall_one_cm":261335},"minecraft:killed":{"minecraft:cave_spider":2,"minecraft:zombified_piglin":1,"minecraft:witch":2,"minecraft:spider":23,"minecraft:skeleton":32,"minecraft:chicken":2,"minecraft:pig":9,"minecraft:zombie_villager":1,"minecraft:creeper":17,"minecraft:sheep":5,"minecraft:pillager":4,"minecraft:zombie":33,"minecraft:cow":11},"minecraft:picked_up":{"minecraft:wooden_axe":1,"minecraft:seagrass":2,"minecraft:wheat":434,"minecraft:yellow_wool":27,"minecraft:oak_stairs":2,"minecraft:crimson_planks":9,"minecraft:brewing_stand":2,"minecraft:amethyst_block":4,"minecraft:string":32,"minecraft:dead_tube_coral_block":6,"minecraft:raw_copper":104,"minecraft:sea_pickle":8,"minecraft:cobbled_deepslate":451,"minecraft:comparator":11,"minecraft:hopper_minecart":1,"minecraft:cobblestone_slab":39,"minecraft:calcite":4,"minecraft:iron_pickaxe":1,"minecraft:furnace":14,"minecraft:blue_wool":15,"minecraft:golden_helmet":1,"minecraft:stick":44,"minecraft:composter":1,"minecraft:oak_fence":2,"minecraft:torch":10,"minecraft:porkchop":18,"minecraft:diorite":153,"minecraft:orange_bed":2,"minecraft:rotten_flesh":65,"minecraft:iron_block":27,"minecraft:obsidian":11,"minecraft:cobblestone":2088,"minecraft:birch_log":61,"minecraft:cooked_beef":12,"minecraft:repeater":2,"minecraft:andesite":55,"minecraft:black_bed":5,"minecraft:flint":6,"minecraft:tuff":75,"minecraft:lapis_lazuli":19,"minecraft:dirt":790,"minecraft:glass":37,"minecraft:bone":60,"minecraft:stonecutter":2,"minecraft:bow":5,"minecraft:wheat_seeds":1215,"minecraft:raw_gold":66,"minecraft:mossy_stone_bricks":1,"minecraft:powered_rail":1,"minecraft:oak_planks":302,"minecraft:cooked_porkchop":2,"minecraft:oak_pressure_plate":2,"minecraft:sand":435,"minecraft:diamond_block":5,"minecraft:dispenser":4,"minecraft:diamond":53,"minecraft:lever":9,"minecraft:crossbow":1,"minecraft:granite":49,"minecraft:bone_meal":3,"minecraft:emerald":2,"minecraft:bread":4,"minecraft:oak_sapling":15,"minecraft:netherrack":45,"minecraft:diamond_pickaxe":2,"minecraft:crafting_table":19,"minecraft:azure_bluet":4,"minecraft:ominous_bottle":2,"minecraft:leather_leggings":2,"minecraft:pink_wool":8,"minecraft:brick":1,"minecraft:cornflower":4,"minecraft:oak_trapdoor":12,"minecraft:white_carpet":2,"minecraft:iron_shovel":1,"minecraft:beef":13,"minecraft:oak_boat":9,"minecraft:observer":7,"minecraft:poppy":3,"minecraft:minecart":3,"minecraft:lectern":128,"minecraft:sugar_cane":78,"minecraft:chest":12,"minecraft:birch_sapling":4,"minecraft:piston":5,"minecraft:egg":1194,"minecraft:raw_iron":333,"minecraft:stone":129,"minecraft:oak_door":11,"minecraft:bowl":3,"minecraft:carrot":1249,"minecraft:redstone":149,"minecraft:arrow":48,"minecraft:stone_shovel":1,"minecraft:peony":2,"minecraft:shears":2,"minecraft:hay_block":35,"minecraft:gold_ingot":10,"minecraft:mutton":12,"minecraft:rail":19,"minecraft:white_wool":28,"minecraft:oxeye_daisy":3,"minecraft:glow_ink_sac":12,"minecraft:crimson_stem":51,"minecraft:leather":13,"minecraft:birch_planks":101,"minecraft:mushroom_stew":7,"minecraft:oak_log":373,"minecraft:yellow_glazed_terracotta":12,"minecraft:yellow_bed":4,"minecraft:nether_wart_block":5,"minecraft:gunpowder":35,"minecraft:blue_bed":3,"minecraft:white_banner":3,"minecraft:cooked_mutton":2,"minecraft:coast_armor_trim_smithing_template":2,"minecraft:apple":4,"minecraft:kelp":1,"minecraft:iron_ingot":8,"minecraft:stone_pickaxe":2,"minecraft:glass_bottle":2,"minecraft:flowering_azalea":1,"minecraft:tropical_fish_bucket":2,"minecraft:pink_bed":6,"minecraft:birch_boat":1,"minecraft:pumpkin":59,"minecraft:quartz":37,"minecraft:dandelion":28,"minecraft:gravel":62,"minecraft:lava_bucket":1,"minecraft:amethyst_shard":8,"minecraft:white_bed":5,"minecraft:spider_eye":6,"minecraft:leather_helmet":3,"minecraft:stone_axe":1,"minecraft:dead_bubble_coral_block":1,"minecraft:painting":2,"minecraft:black_wool":15,"minecraft:coal":326,"minecraft:hopper":15},"minecraft:broken":{"minecraft:iron_shovel":3,"minecraft:stone_pickaxe":19,"minecraft:stone_axe":3,"minecraft:stone_shovel":1,"minecraft:wooden_pickaxe":1,"minecraft:shield":1,"minecraft:iron_axe":5,"minecraft:iron_pickaxe":1},"minecraft:used":{"minecraft:peony":1,"minecraft:iron_shovel":585,"minecraft:dispenser":10,"minecraft:poppy":2,"minecraft:chest":58,"minecraft:shield":91,"minecraft:stone":268,"minecraft:mutton":2,"minecraft:carrot":399,"minecraft:tuff":29,"minecraft:azure_bluet":4,"minecraft:obsidian":11,"minecraft:glass":283,"minecraft:birch_sapling":1,"minecraft:hopper_minecart":5,"minecraft:bow":4,"minecraft:oak_sapling":15,"minecraft:furnace":24,"minecraft:egg":910,"minecraft:diorite":12,"minecraft:powered_rail":7,"minecraft:oak_planks":820,"minecraft:stone_pickaxe":2559,"minecraft:wooden_pickaxe":104,"minecraft:redstone_block":2,"minecraft:composter":2,"minecraft:sugar_cane":31,"minecraft:blue_bed":20,"minecraft:white_wool":1,"minecraft:sand":4,"minecraft:mushroom_stew":23,"minecraft:black_bed":5,"minecraft:shears":2,"minecraft:pumpkin_seeds":12,"minecraft:lightning_rod":1,"minecraft:lever":9,"minecraft:stone_button":2,"minecraft:bread":134,"minecraft:lectern":128,"minecraft:oak_pressure_plate":4,"minecraft:gravel":15,"minecraft:nether_wart_block":4,"minecraft:oak_boat":6,"minecraft:tropical_fish_bucket":3,"minecraft:bone_meal":16,"minecraft:oak_fence":64,"minecraft:oak_trapdoor":12,"minecraft:dead_tube_coral_block":1,"minecraft:stone_shovel":193,"minecraft:redstone":31,"minecraft:stone_hoe":34,"minecraft:netherrack":33,"minecraft:oak_door":8,"minecraft:orange_bed":2,"minecraft:torch":34,"minecraft:brewing_stand":2,"minecraft:dirt":479,"minecraft:white_carpet":6,"minecraft:hopper":27,"minecraft:granite":6,"minecraft:iron_hoe":52,"minecraft:wooden_axe":19,"minecraft:flowering_azalea":1,"minecraft:iron_axe":1043,"minecraft:oak_stairs":6,"minecraft:crimson_planks":70,"minecraft:melon_seeds":9,"minecraft:minecart":3,"minecraft:cooked_beef":12,"minecraft:observer":22,"minecraft:cobbled_deepslate":152,"minecraft:wheat_seeds":431,"minecraft:cooked_mutton":2,"minecraft:water_bucket":58,"minecraft:birch_planks":55,"minecraft:birch_boat":2,"minecraft:cobblestone_slab":124,"minecraft:stonecutter":2,"minecraft:rail":46,"minecraft:comparator":10,"minecraft:crafting_table":23,"minecraft:crimson_trapdoor":4,"minecraft:white_bed":3,"minecraft:painting":3,"minecraft:oak_log":2,"minecraft:piston":15,"minecraft:cornflower":2,"minecraft:diamond_pickaxe":88,"minecraft:oxeye_daisy":2,"minecraft:iron_pickaxe":484,"minecraft:stone_axe":300,"minecraft:pink_bed":7,"minecraft:cobblestone":662,"minecraft:white_banner":2,"minecraft:cooked_porkchop":7,"minecraft:bucket":67,"minecraft:yellow_bed":24,"minecraft:dandelion":12}},"DataVersion":3953}