{"stats":{"minecraft:killed":{"minecraft:cave_spider":2,"minecraft:spider":6,"minecraft:skeleton":10,"minecraft:pig":9,"minecraft:zombie_villager":1,"minecraft:creeper":5,"minecraft:sheep":4,"minecraft:pillager":4,"minecraft:zombie":16,"minecraft:cow":7},"minecraft:dropped":{"minecraft:birch_planks":25,"minecraft:porkchop":9,"minecraft:wheat_seeds":1,"minecraft:lapis_lazuli":13,"minecraft:crossbow":1,"minecraft:cobblestone":4,"minecraft:leather":6,"minecraft:granite":4,"minecraft:leather_helmet":1,"minecraft:stick":10,"minecraft:flint":1,"minecraft:diorite":8,"minecraft:cornflower":1,"minecraft:mutton":5,"minecraft:seagrass":2,"minecraft:string":2,"minecraft:bone":2,"minecraft:gravel":1,"minecraft:kelp":1,"minecraft:cobbled_deepslate":77,"minecraft:pink_dye":1,"minecraft:birch_sapling":1,"minecraft:raw_iron":1,"minecraft:dead_bubble_coral_block":1,"minecraft:rotten_flesh":2,"minecraft:shears":1,"minecraft:stone":2,"minecraft:andesite":21,"minecraft:spider_eye":2,"minecraft:arrow":1,"minecraft:beef":3,"minecraft:wooden_pickaxe":1,"minecraft:dead_tube_coral_block":5},"minecraft:killed_by":{"minecraft:player":2,"minecraft:creeper":3,"minecraft:pillager":2,"minecraft:skeleton":5,"minecraft:zombie":1},"minecraft:broken":{"minecraft:wooden_pickaxe":1,"minecraft:stone_pickaxe":3,"minecraft:stone_axe":2},"minecraft:custom":{"minecraft:mob_kills":65,"minecraft:interact_with_crafting_table":37,"minecraft:leave_game":2,"minecraft:time_since_death":8586,"minecraft:sprint_one_cm":687814,"minecraft:walk_one_cm":276769,"minecraft:damage_blocked_by_shield":1352,"minecraft:drop":39,"minecraft:play_time":282604,"minecraft:sneak_time":2568,"minecraft:deaths":18,"minecraft:walk_under_water_one_cm":27505,"minecraft:boat_one_cm":615206,"minecraft:jump":2666,"minecraft:walk_on_water_one_cm":45536,"minecraft:total_world_time":282604,"minecraft:interact_with_furnace":45,"minecraft:interact_with_cartography_table":1,"minecraft:sleep_in_bed":8,"minecraft:time_since_rest":2805,"minecraft:damage_taken":8162,"minecraft:damage_dealt":11260,"minecraft:player_kills":1,"minecraft:swim_one_cm":174458,"minecraft:fly_one_cm":463474,"minecraft:open_chest":39,"minecraft:crouch_one_cm":7903,"minecraft:fall_one_cm":85685},"minecraft:picked_up":{"minecraft:wooden_axe":1,"minecraft:seagrass":2,"minecraft:crafting_table":10,"minecraft:wheat":33,"minecraft:ominous_bottle":1,"minecraft:pink_wool":4,"minecraft:brewing_stand":1,"minecraft:cornflower":1,"minecraft:string":7,"minecraft:dead_tube_coral_block":6,"minecraft:iron_shovel":1,"minecraft:sea_pickle":4,"minecraft:cobbled_deepslate":314,"minecraft:beef":8,"minecraft:poppy":1,"minecraft:iron_pickaxe":1,"minecraft:lectern":2,"minecraft:sugar_cane":2,"minecraft:chest":2,"minecraft:birch_sapling":4,"minecraft:egg":1,"minecraft:furnace":4,"minecraft:golden_helmet":1,"minecraft:stick":2,"minecraft:raw_iron":133,"minecraft:stone":2,"minecraft:oak_door":2,"minecraft:porkchop":18,"minecraft:diorite":8,"minecraft:orange_bed":2,"minecraft:arrow":9,"minecraft:rotten_flesh":15,"minecraft:peony":1,"minecraft:shears":1,"minecraft:hay_block":35,"minecraft:mutton":5,"minecraft:rail":2,"minecraft:white_wool":10,"minecraft:cobblestone":414,"minecraft:birch_log":61,"minecraft:cooked_beef":12,"minecraft:glow_ink_sac":3,"minecraft:andesite":47,"minecraft:black_bed":1,"minecraft:leather":10,"minecraft:birch_planks":3,"minecraft:flint":2,"minecraft:tuff":23,"minecraft:oak_log":63,"minecraft:yellow_glazed_terracotta":6,"minecraft:gunpowder":3,"minecraft:lapis_lazuli":13,"minecraft:dirt":38,"minecraft:white_banner":1,"minecraft:cooked_mutton":2,"minecraft:bone":11,"minecraft:apple":1,"minecraft:bow":1,"minecraft:kelp":1,"minecraft:stonecutter":1,"minecraft:wheat_seeds":3,"minecraft:raw_gold":9,"minecraft:mossy_stone_bricks":1,"minecraft:flowering_azalea":1,"minecraft:pink_bed":4,"minecraft:cooked_porkchop":2,"minecraft:birch_boat":1,"minecraft:dandelion":1,"minecraft:gravel":27,"minecraft:white_bed":2,"minecraft:spider_eye":2,"minecraft:diamond":38,"minecraft:dead_bubble_coral_block":1,"minecraft:crossbow":1,"minecraft:granite":5,"minecraft:bone_meal":3,"minecraft:bread":3,"minecraft:emerald":1,"minecraft:oak_sapling":1,"minecraft:black_wool":9,"minecraft:coal":83},"minecraft:used":{"minecraft:dead_tube_coral_block":1,"minecraft:stone_shovel":19,"minecraft:chest":1,"minecraft:shield":23,"minecraft:oak_door":1,"minecraft:orange_bed":2,"minecraft:torch":8,"minecraft:brewing_stand":1,"minecraft:dirt":11,"minecraft:tuff":1,"minecraft:granite":1,"minecraft:wooden_axe":19,"minecraft:iron_axe":67,"minecraft:birch_sapling":1,"minecraft:oak_sapling":1,"minecraft:furnace":6,"minecraft:cooked_beef":12,"minecraft:cobbled_deepslate":121,"minecraft:wheat_seeds":2,"minecraft:cooked_mutton":2,"minecraft:water_bucket":30,"minecraft:birch_planks":55,"minecraft:stone_pickaxe":553,"minecraft:wooden_pickaxe":104,"minecraft:birch_boat":2,"minecraft:stonecutter":1,"minecraft:crafting_table":13,"minecraft:white_bed":1,"minecraft:black_bed":1,"minecraft:shears":2,"minecraft:bread":32,"minecraft:iron_pickaxe":157,"minecraft:lectern":2,"minecraft:gravel":2,"minecraft:pink_bed":5,"minecraft:stone_axe":263,"minecraft:cobblestone":164,"minecraft:cooked_porkchop":7,"minecraft:bucket":35,"minecraft:tropical_fish_bucket":3,"minecraft:bone_meal":3},"minecraft:crafted":{"minecraft:oak_planks":68,"minecraft:stone_shovel":1,"minecraft:pink_bed":1,"minecraft:birch_boat":1,"minecraft:furnace":2,"minecraft:pink_dye":2,"minecraft:diamond_block":4,"minecraft:iron_boots":1,"minecraft:iron_axe":2,"minecraft:stone_pickaxe":7,"minecraft:wheat":315,"minecraft:red_dye":1,"minecraft:cooked_porkchop":9,"minecraft:crafting_table":4,"minecraft:wooden_pickaxe":2,"minecraft:iron_helmet":1,"minecraft:bucket":2,"minecraft:birch_planks":156,"minecraft:stone_axe":4,"minecraft:orange_dye":2,"minecraft:bread":113,"minecraft:iron_chestplate":1,"minecraft:yellow_dye":1,"minecraft:shield":2,"minecraft:stick":52,"minecraft:iron_ingot":80,"minecraft:iron_pickaxe":2,"minecraft:wooden_axe":1,"minecraft:black_bed":1,"minecraft:iron_leggings":1,"minecraft:white_bed":1,"minecraft:torch":8,"minecraft:orange_bed":1,"minecraft:shears":1},"minecraft:mined":{"minecraft:tuff":11,"minecraft:white_bed":2,"minecraft:pink_bed":4,"minecraft:deepslate_diamond_ore":38,"minecraft:oak_door":2,"minecraft:brewing_stand":1,"minecraft:granite":5,"minecraft:grass_block":13,"minecraft:bubble_coral_block":2,"minecraft:tube_coral_block":10,"minecraft:hay_block":35,"minecraft:furnace":3,"minecraft:iron_ore":69,"minecraft:cobbled_deepslate":11,"minecraft:andesite":24,"minecraft:peony":1,"minecraft:deepslate_iron_ore":39,"minecraft:flowering_azalea_leaves":9,"minecraft:brain_coral_wall_fan":1,"minecraft:azalea_leaves":18,"minecraft:stone":241,"minecraft:orange_bed":2,"minecraft:brain_coral":1,"minecraft:dandelion":1,"minecraft:cornflower":1,"minecraft:fire_coral":1,"minecraft:crafting_table":8,"minecraft:short_grass":18,"minecraft:poppy":1,"minecraft:chest":2,"minecraft:lectern":2,"minecraft:brain_coral_fan":1,"minecraft:cobblestone":16,"minecraft:deepslate_gold_ore":6,"minecraft:sugar_cane":1,"minecraft:diorite":8,"minecraft:birch_planks":3,"minecraft:fire_coral_fan":1,"minecraft:sea_pickle":2,"minecraft:birch_log":58,"minecraft:wheat":19,"minecraft:birch_leaves":2,"minecraft:black_bed":1,"minecraft:yellow_glazed_terracotta":6,"minecraft:oak_log":63,"minecraft:coal_ore":83,"minecraft:gravel":16,"minecraft:bubble_coral_wall_fan":1,"minecraft:dirt":17,"minecraft:stonecutter":1,"minecraft:gold_ore":3,"minecraft:mossy_stone_bricks":1,"minecraft:oak_leaves":5,"minecraft:deepslate":226,"minecraft:suspicious_gravel":3}},"DataVersion":3953}