{"stats":{"minecraft:killed":{"minecraft:cave_spider":2,"minecraft:witch":1,"minecraft:spider":8,"minecraft:skeleton":15,"minecraft:pig":9,"minecraft:zombie_villager":1,"minecraft:creeper":9,"minecraft:sheep":4,"minecraft:pillager":4,"minecraft:zombie":19,"minecraft:cow":7},"minecraft:dropped":{"minecraft:birch_planks":25,"minecraft:porkchop":9,"minecraft:wheat_seeds":1,"minecraft:lapis_lazuli":13,"minecraft:crossbow":1,"minecraft:cobblestone":4,"minecraft:leather":6,"minecraft:granite":4,"minecraft:leather_helmet":1,"minecraft:flint":1,"minecraft:stick":10,"minecraft:diorite":8,"minecraft:cornflower":1,"minecraft:mutton":5,"minecraft:seagrass":2,"minecraft:string":2,"minecraft:bone":2,"minecraft:gravel":1,"minecraft:kelp":1,"minecraft:cobbled_deepslate":77,"minecraft:pink_dye":1,"minecraft:birch_sapling":1,"minecraft:raw_iron":1,"minecraft:dead_bubble_coral_block":1,"minecraft:rotten_flesh":2,"minecraft:shears":1,"minecraft:stone":2,"minecraft:andesite":21,"minecraft:spider_eye":2,"minecraft:arrow":1,"minecraft:beef":3,"minecraft:wooden_pickaxe":1,"minecraft:dead_tube_coral_block":5},"minecraft:killed_by":{"minecraft:player":2,"minecraft:creeper":3,"minecraft:pillager":2,"minecraft:skeleton":5,"minecraft:zombie":1},"minecraft:broken":{"minecraft:wooden_pickaxe":1,"minecraft:stone_pickaxe":4,"minecraft:stone_axe":2},"minecraft:custom":{"minecraft:mob_kills":81,"minecraft:interact_with_crafting_table":40,"minecraft:leave_game":3,"minecraft:time_since_death":26422,"minecraft:sprint_one_cm":705182,"minecraft:walk_one_cm":373089,"minecraft:damage_blocked_by_shield":2764,"minecraft:drop":39,"minecraft:play_time":300440,"minecraft:sneak_time":2666,"minecraft:deaths":18,"minecraft:walk_under_water_one_cm":29220,"minecraft:boat_one_cm":615206,"minecraft:jump":2971,"minecraft:walk_on_water_one_cm":48748,"minecraft:total_world_time":300440,"minecraft:interact_with_furnace":45,"minecraft:interact_with_cartography_table":1,"minecraft:sleep_in_bed":8,"minecraft:time_since_rest":20641,"minecraft:damage_taken":8844,"minecraft:damage_dealt":14896,"minecraft:player_kills":1,"minecraft:swim_one_cm":176149,"minecraft:fly_one_cm":479476,"minecraft:open_chest":43,"minecraft:crouch_one_cm":8090,"minecraft:fall_one_cm":93807},"minecraft:picked_up":{"minecraft:wooden_axe":1,"minecraft:seagrass":2,"minecraft:crafting_table":10,"minecraft:wheat":33,"minecraft:ominous_bottle":1,"minecraft:pink_wool":4,"minecraft:brewing_stand":2,"minecraft:amethyst_block":2,"minecraft:cornflower":1,"minecraft:string":9,"minecraft:dead_tube_coral_block":6,"minecraft:iron_shovel":1,"minecraft:sea_pickle":4,"minecraft:cobbled_deepslate":322,"minecraft:beef":8,"minecraft:calcite":2,"minecraft:poppy":1,"minecraft:iron_pickaxe":1,"minecraft:lectern":2,"minecraft:sugar_cane":2,"minecraft:chest":2,"minecraft:birch_sapling":4,"minecraft:furnace":4,"minecraft:egg":1,"minecraft:golden_helmet":1,"minecraft:stick":9,"minecraft:raw_iron":174,"minecraft:stone":2,"minecraft:oak_door":2,"minecraft:porkchop":18,"minecraft:diorite":8,"minecraft:orange_bed":2,"minecraft:arrow":14,"minecraft:rotten_flesh":16,"minecraft:peony":1,"minecraft:shears":1,"minecraft:hay_block":35,"minecraft:mutton":5,"minecraft:rail":2,"minecraft:white_wool":10,"minecraft:cobblestone":414,"minecraft:birch_log":61,"minecraft:cooked_beef":12,"minecraft:glow_ink_sac":3,"minecraft:andesite":47,"minecraft:black_bed":1,"minecraft:leather":10,"minecraft:birch_planks":3,"minecraft:flint":2,"minecraft:tuff":30,"minecraft:oak_log":69,"minecraft:yellow_glazed_terracotta":6,"minecraft:gunpowder":7,"minecraft:lapis_lazuli":13,"minecraft:dirt":38,"minecraft:white_banner":1,"minecraft:cooked_mutton":2,"minecraft:bone":15,"minecraft:apple":2,"minecraft:bow":1,"minecraft:kelp":1,"minecraft:stonecutter":1,"minecraft:wheat_seeds":3,"minecraft:raw_gold":29,"minecraft:mossy_stone_bricks":1,"minecraft:flowering_azalea":1,"minecraft:pink_bed":4,"minecraft:cooked_porkchop":2,"minecraft:birch_boat":1,"minecraft:dandelion":1,"minecraft:gravel":27,"minecraft:amethyst_shard":4,"minecraft:white_bed":2,"minecraft:spider_eye":2,"minecraft:diamond":38,"minecraft:dead_bubble_coral_block":1,"minecraft:crossbow":1,"minecraft:granite":5,"minecraft:bone_meal":3,"minecraft:bread":3,"minecraft:emerald":1,"minecraft:oak_sapling":6,"minecraft:black_wool":9,"minecraft:coal":83},"minecraft:used":{"minecraft:dead_tube_coral_block":1,"minecraft:stone_shovel":19,"minecraft:chest":2,"minecraft:shield":45,"minecraft:oak_door":1,"minecraft:orange_bed":2,"minecraft:torch":8,"minecraft:brewing_stand":1,"minecraft:dirt":11,"minecraft:tuff":8,"minecraft:granite":1,"minecraft:wooden_axe":19,"minecraft:iron_axe":110,"minecraft:birch_sapling":1,"minecraft:oak_sapling":6,"minecraft:furnace":6,"minecraft:cooked_beef":12,"minecraft:cobbled_deepslate":121,"minecraft:wheat_seeds":2,"minecraft:cooked_mutton":2,"minecraft:water_bucket":30,"minecraft:birch_planks":55,"minecraft:stone_pickaxe":604,"minecraft:wooden_pickaxe":104,"minecraft:birch_boat":2,"minecraft:stonecutter":1,"minecraft:crafting_table":13,"minecraft:white_bed":1,"minecraft:black_bed":1,"minecraft:shears":2,"minecraft:bread":45,"minecraft:iron_pickaxe":180,"minecraft:lectern":2,"minecraft:gravel":2,"minecraft:pink_bed":5,"minecraft:stone_axe":282,"minecraft:cobblestone":186,"minecraft:cooked_porkchop":7,"minecraft:bucket":35,"minecraft:tropical_fish_bucket":3,"minecraft:bone_meal":3},"minecraft:crafted":{"minecraft:oak_planks":68,"minecraft:stone_shovel":1,"minecraft:pink_bed":1,"minecraft:birch_boat":1,"minecraft:furnace":2,"minecraft:pink_dye":2,"minecraft:diamond_block":4,"minecraft:iron_boots":1,"minecraft:iron_axe":3,"minecraft:stone_pickaxe":7,"minecraft:chest":1,"minecraft:wheat":315,"minecraft:red_dye":1,"minecraft:cooked_porkchop":9,"minecraft:crafting_table":4,"minecraft:wooden_pickaxe":2,"minecraft:iron_helmet":1,"minecraft:bucket":2,"minecraft:birch_planks":156,"minecraft:stone_axe":4,"minecraft:orange_dye":2,"minecraft:bread":113,"minecraft:iron_chestplate":1,"minecraft:yellow_dye":1,"minecraft:shield":2,"minecraft:stick":52,"minecraft:iron_ingot":80,"minecraft:iron_pickaxe":3,"minecraft:wooden_axe":1,"minecraft:black_bed":1,"minecraft:iron_leggings":1,"minecraft:white_bed":1,"minecraft:torch":8,"minecraft:orange_bed":1,"minecraft:shears":1},"minecraft:mined":{"minecraft:tuff":11,"minecraft:white_bed":2,"minecraft:pink_bed":4,"minecraft:deepslate_diamond_ore":38,"minecraft:oak_door":2,"minecraft:brewing_stand":2,"minecraft:granite":5,"minecraft:budding_amethyst":2,"minecraft:grass_block":13,"minecraft:bubble_coral_block":2,"minecraft:tube_coral_block":10,"minecraft:hay_block":35,"minecraft:furnace":3,"minecraft:iron_ore":75,"minecraft:cobbled_deepslate":11,"minecraft:andesite":24,"minecraft:peony":1,"minecraft:deepslate_iron_ore":74,"minecraft:flowering_azalea_leaves":9,"minecraft:brain_coral_wall_fan":1,"minecraft:azalea_leaves":18,"minecraft:stone":241,"minecraft:orange_bed":2,"minecraft:brain_coral":1,"minecraft:dandelion":1,"minecraft:cornflower":1,"minecraft:fire_coral":1,"minecraft:crafting_table":8,"minecraft:short_grass":18,"minecraft:calcite":2,"minecraft:poppy":1,"minecraft:chest":2,"minecraft:lectern":2,"minecraft:brain_coral_fan":1,"minecraft:cobblestone":16,"minecraft:deepslate_gold_ore":26,"minecraft:sugar_cane":1,"minecraft:diorite":8,"minecraft:amethyst_block":2,"minecraft:birch_planks":3,"minecraft:fire_coral_fan":1,"minecraft:sea_pickle":2,"minecraft:birch_log":58,"minecraft:wheat":19,"minecraft:birch_leaves":2,"minecraft:black_bed":1,"minecraft:yellow_glazed_terracotta":6,"minecraft:oak_log":69,"minecraft:coal_ore":83,"minecraft:gravel":16,"minecraft:bubble_coral_wall_fan":1,"minecraft:dirt":17,"minecraft:stonecutter":1,"minecraft:gold_ore":3,"minecraft:mossy_stone_bricks":1,"minecraft:oak_leaves":5,"minecraft:deepslate":232,"minecraft:suspicious_gravel":3}},"DataVersion":3953}