{"stats":{"minecraft:mined":{"minecraft:tuff":11,"minecraft:white_bed":2,"minecraft:pink_bed":4,"minecraft:deepslate_diamond_ore":9,"minecraft:oak_door":2,"minecraft:brewing_stand":1,"minecraft:granite":5,"minecraft:grass_block":10,"minecraft:bubble_coral_block":2,"minecraft:tube_coral_block":10,"minecraft:hay_block":35,"minecraft:furnace":3,"minecraft:iron_ore":61,"minecraft:cobbled_deepslate":11,"minecraft:andesite":24,"minecraft:peony":1,"minecraft:deepslate_iron_ore":26,"minecraft:flowering_azalea_leaves":9,"minecraft:brain_coral_wall_fan":1,"minecraft:azalea_leaves":18,"minecraft:stone":220,"minecraft:brain_coral":1,"minecraft:orange_bed":2,"minecraft:dandelion":1,"minecraft:fire_coral":1,"minecraft:crafting_table":8,"minecraft:cornflower":1,"minecraft:short_grass":16,"minecraft:poppy":1,"minecraft:chest":2,"minecraft:lectern":2,"minecraft:brain_coral_fan":1,"minecraft:cobblestone":15,"minecraft:sugar_cane":1,"minecraft:diorite":8,"minecraft:fire_coral_fan":1,"minecraft:sea_pickle":2,"minecraft:birch_log":58,"minecraft:wheat":19,"minecraft:birch_leaves":2,"minecraft:black_bed":1,"minecraft:yellow_glazed_terracotta":6,"minecraft:oak_log":17,"minecraft:coal_ore":73,"minecraft:bubble_coral_wall_fan":1,"minecraft:gravel":16,"minecraft:dirt":15,"minecraft:stonecutter":1,"minecraft:mossy_stone_bricks":1,"minecraft:gold_ore":3,"minecraft:deepslate":221,"minecraft:suspicious_gravel":3},"minecraft:killed":{"minecraft:spider":5,"minecraft:skeleton":1,"minecraft:pig":9,"minecraft:zombie_villager":1,"minecraft:creeper":1,"minecraft:sheep":4,"minecraft:pillager":4,"minecraft:zombie":9,"minecraft:cow":7},"minecraft:custom":{"minecraft:mob_kills":42,"minecraft:interact_with_crafting_table":25,"minecraft:leave_game":1,"minecraft:time_since_death":32203,"minecraft:sprint_one_cm":471401,"minecraft:walk_one_cm":205905,"minecraft:damage_blocked_by_shield":330,"minecraft:drop":38,"minecraft:play_time":242606,"minecraft:sneak_time":1377,"minecraft:deaths":14,"minecraft:walk_under_water_one_cm":27066,"minecraft:boat_one_cm":615206,"minecraft:jump":2027,"minecraft:walk_on_water_one_cm":42210,"minecraft:total_world_time":242606,"minecraft:interact_with_furnace":32,"minecraft:interact_with_cartography_table":1,"minecraft:sleep_in_bed":7,"minecraft:time_since_rest":22921,"minecraft:damage_taken":6147,"minecraft:damage_dealt":6126,"minecraft:fly_one_cm":346896,"minecraft:swim_one_cm":171164,"minecraft:open_chest":19,"minecraft:crouch_one_cm":4327,"minecraft:fall_one_cm":63120},"minecraft:broken":{"minecraft:wooden_pickaxe":1,"minecraft:stone_pickaxe":3,"minecraft:stone_axe":1},"minecraft:used":{"minecraft:dead_tube_coral_block":1,"minecraft:stone_shovel":19,"minecraft:chest":1,"minecraft:shield":5,"minecraft:oak_door":1,"minecraft:orange_bed":2,"minecraft:brewing_stand":1,"minecraft:dirt":11,"minecraft:tuff":1,"minecraft:granite":1,"minecraft:wooden_axe":19,"minecraft:iron_axe":3,"minecraft:birch_sapling":1,"minecraft:oak_sapling":1,"minecraft:furnace":5,"minecraft:cooked_beef":12,"minecraft:cobbled_deepslate":119,"minecraft:cooked_mutton":2,"minecraft:water_bucket":30,"minecraft:birch_planks":55,"minecraft:stone_pickaxe":509,"minecraft:birch_boat":2,"minecraft:wooden_pickaxe":104,"minecraft:stonecutter":1,"minecraft:crafting_table":12,"minecraft:white_bed":1,"minecraft:black_bed":1,"minecraft:shears":2,"minecraft:bread":10,"minecraft:iron_pickaxe":108,"minecraft:lectern":2,"minecraft:gravel":2,"minecraft:stone_axe":198,"minecraft:pink_bed":5,"minecraft:cobblestone":123,"minecraft:cooked_porkchop":7,"minecraft:bucket":35,"minecraft:tropical_fish_bucket":3},"minecraft:killed_by":{"minecraft:player":2,"minecraft:creeper":3,"minecraft:pillager":2,"minecraft:skeleton":4},"minecraft:dropped":{"minecraft:birch_planks":25,"minecraft:porkchop":9,"minecraft:wheat_seeds":1,"minecraft:lapis_lazuli":13,"minecraft:crossbow":1,"minecraft:cobblestone":4,"minecraft:leather":6,"minecraft:granite":4,"minecraft:stick":10,"minecraft:flint":1,"minecraft:diorite":8,"minecraft:cornflower":1,"minecraft:mutton":5,"minecraft:seagrass":2,"minecraft:string":2,"minecraft:bone":2,"minecraft:gravel":1,"minecraft:kelp":1,"minecraft:cobbled_deepslate":77,"minecraft:pink_dye":1,"minecraft:birch_sapling":1,"minecraft:raw_iron":1,"minecraft:dead_bubble_coral_block":1,"minecraft:rotten_flesh":2,"minecraft:shears":1,"minecraft:stone":2,"minecraft:andesite":21,"minecraft:spider_eye":2,"minecraft:arrow":1,"minecraft:beef":3,"minecraft:wooden_pickaxe":1,"minecraft:dead_tube_coral_block":5},"minecraft:crafted":{"minecraft:oak_planks":68,"minecraft:stone_shovel":1,"minecraft:pink_bed":1,"minecraft:birch_boat":1,"minecraft:furnace":2,"minecraft:pink_dye":2,"minecraft:iron_axe":1,"minecraft:stone_pickaxe":5,"minecraft:red_dye":1,"minecraft:cooked_porkchop":9,"minecraft:crafting_table":4,"minecraft:wooden_pickaxe":2,"minecraft:bucket":2,"minecraft:birch_planks":156,"minecraft:stone_axe":4,"minecraft:orange_dye":2,"minecraft:bread":8,"minecraft:yellow_dye":1,"minecraft:shield":1,"minecraft:stick":44,"minecraft:iron_ingot":21,"minecraft:iron_pickaxe":2,"minecraft:wooden_axe":1,"minecraft:black_bed":1,"minecraft:white_bed":1,"minecraft:orange_bed":1,"minecraft:shears":1},"minecraft:picked_up":{"minecraft:wooden_axe":1,"minecraft:seagrass":2,"minecraft:crafting_table":10,"minecraft:wheat":33,"minecraft:ominous_bottle":1,"minecraft:pink_wool":4,"minecraft:brewing_stand":1,"minecraft:cornflower":1,"minecraft:string":4,"minecraft:dead_tube_coral_block":6,"minecraft:sea_pickle":4,"minecraft:cobbled_deepslate":306,"minecraft:beef":8,"minecraft:poppy":1,"minecraft:iron_pickaxe":1,"minecraft:lectern":2,"minecraft:sugar_cane":2,"minecraft:chest":2,"minecraft:birch_sapling":4,"minecraft:furnace":4,"minecraft:golden_helmet":1,"minecraft:raw_iron":112,"minecraft:stick":2,"minecraft:stone":2,"minecraft:oak_door":2,"minecraft:porkchop":18,"minecraft:diorite":8,"minecraft:orange_bed":2,"minecraft:arrow":1,"minecraft:rotten_flesh":5,"minecraft:peony":1,"minecraft:shears":1,"minecraft:hay_block":35,"minecraft:mutton":5,"minecraft:white_wool":10,"minecraft:cobblestone":393,"minecraft:birch_log":61,"minecraft:cooked_beef":12,"minecraft:glow_ink_sac":3,"minecraft:andesite":47,"minecraft:black_bed":1,"minecraft:leather":10,"minecraft:flint":2,"minecraft:tuff":23,"minecraft:oak_log":17,"minecraft:yellow_glazed_terracotta":6,"minecraft:lapis_lazuli":13,"minecraft:dirt":33,"minecraft:white_banner":1,"minecraft:cooked_mutton":2,"minecraft:bone":2,"minecraft:kelp":1,"minecraft:stonecutter":1,"minecraft:wheat_seeds":1,"minecraft:raw_gold":3,"minecraft:mossy_stone_bricks":1,"minecraft:flowering_azalea":1,"minecraft:pink_bed":4,"minecraft:cooked_porkchop":2,"minecraft:birch_boat":1,"minecraft:dandelion":1,"minecraft:gravel":27,"minecraft:white_bed":2,"minecraft:spider_eye":2,"minecraft:diamond":9,"minecraft:dead_bubble_coral_block":1,"minecraft:crossbow":1,"minecraft:granite":5,"minecraft:emerald":1,"minecraft:oak_sapling":1,"minecraft:black_wool":9,"minecraft:coal":73}},"DataVersion":3953}