{"stats":{"minecraft:mined":{"minecraft:tuff":10,"minecraft:white_bed":2,"minecraft:deepslate_diamond_ore":6,"minecraft:dandelion":1,"minecraft:brewing_stand":1,"minecraft:crafting_table":5,"minecraft:granite":5,"minecraft:short_grass":3,"minecraft:grass_block":6,"minecraft:poppy":1,"minecraft:chest":1,"minecraft:lectern":1,"minecraft:cobblestone":14,"minecraft:sugar_cane":1,"minecraft:diorite":8,"minecraft:hay_block":5,"minecraft:furnace":2,"minecraft:wheat":19,"minecraft:cobbled_deepslate":11,"minecraft:birch_log":58,"minecraft:iron_ore":44,"minecraft:andesite":24,"minecraft:birch_leaves":2,"minecraft:black_bed":1,"minecraft:peony":1,"minecraft:coal_ore":39,"minecraft:flowering_azalea_leaves":9,"minecraft:deepslate_iron_ore":14,"minecraft:gravel":16,"minecraft:dirt":13,"minecraft:azalea_leaves":18,"minecraft:stone":197,"minecraft:mossy_stone_bricks":1,"minecraft:gold_ore":3,"minecraft:deepslate":217,"minecraft:orange_bed":2,"minecraft:suspicious_gravel":3},"minecraft:killed":{"minecraft:pig":9,"minecraft:spider":5,"minecraft:sheep":4,"minecraft:skeleton":1,"minecraft:zombie":6,"minecraft:cow":7},"minecraft:custom":{"minecraft:interact_with_furnace":26,"minecraft:mob_kills":32,"minecraft:interact_with_crafting_table":16,"minecraft:leave_game":1,"minecraft:time_since_death":27364,"minecraft:sleep_in_bed":3,"minecraft:time_since_rest":12461,"minecraft:sprint_one_cm":294277,"minecraft:damage_taken":4448,"minecraft:walk_one_cm":142611,"minecraft:damage_blocked_by_shield":330,"minecraft:drop":20,"minecraft:damage_dealt":3709,"minecraft:swim_one_cm":25219,"minecraft:fly_one_cm":169281,"minecraft:open_chest":3,"minecraft:crouch_one_cm":3018,"minecraft:play_time":170606,"minecraft:deaths":12,"minecraft:sneak_time":721,"minecraft:walk_under_water_one_cm":2552,"minecraft:boat_one_cm":111555,"minecraft:jump":1181,"minecraft:walk_on_water_one_cm":11153,"minecraft:total_world_time":170606,"minecraft:fall_one_cm":42536},"minecraft:broken":{"minecraft:stone_pickaxe":2,"minecraft:wooden_pickaxe":1},"minecraft:used":{"minecraft:stone_pickaxe":416,"minecraft:stone_shovel":19,"minecraft:wooden_pickaxe":104,"minecraft:shield":5,"minecraft:orange_bed":2,"minecraft:dirt":9,"minecraft:crafting_table":7,"minecraft:white_bed":1,"minecraft:black_bed":1,"minecraft:granite":1,"minecraft:wooden_axe":19,"minecraft:iron_pickaxe":80,"minecraft:iron_axe":3,"minecraft:birch_sapling":1,"minecraft:gravel":2,"minecraft:stone_axe":102,"minecraft:cobblestone":64,"minecraft:furnace":4,"minecraft:cooked_porkchop":7,"minecraft:cooked_beef":5,"minecraft:cobbled_deepslate":118},"minecraft:killed_by":{"minecraft:player":2,"minecraft:skeleton":4,"minecraft:creeper":3},"minecraft:crafted":{"minecraft:red_dye":1,"minecraft:stone_shovel":1,"minecraft:cooked_porkchop":9,"minecraft:crafting_table":3,"minecraft:pink_bed":1,"minecraft:wooden_pickaxe":2,"minecraft:furnace":2,"minecraft:birch_planks":88,"minecraft:pink_dye":2,"minecraft:stone_axe":2,"minecraft:orange_dye":2,"minecraft:yellow_dye":1,"minecraft:shield":1,"minecraft:iron_axe":1,"minecraft:stick":40,"minecraft:iron_ingot":15,"minecraft:iron_pickaxe":2,"minecraft:stone_pickaxe":4,"minecraft:wooden_axe":1,"minecraft:black_bed":1,"minecraft:white_bed":1,"minecraft:orange_bed":1,"minecraft:shears":1},"minecraft:dropped":{"minecraft:gravel":1,"minecraft:wheat_seeds":1,"minecraft:lapis_lazuli":13,"minecraft:pink_dye":1,"minecraft:birch_sapling":1,"minecraft:raw_iron":1,"minecraft:cobblestone":4,"minecraft:rotten_flesh":2,"minecraft:leather":6,"minecraft:flint":1,"minecraft:diorite":8,"minecraft:spider_eye":2,"minecraft:arrow":1,"minecraft:wooden_pickaxe":1,"minecraft:string":2},"minecraft:picked_up":{"minecraft:wooden_axe":1,"minecraft:birch_log":61,"minecraft:crafting_table":7,"minecraft:wheat":33,"minecraft:cooked_beef":12,"minecraft:andesite":47,"minecraft:black_bed":1,"minecraft:leather":10,"minecraft:flint":2,"minecraft:tuff":22,"minecraft:brewing_stand":1,"minecraft:lapis_lazuli":13,"minecraft:dirt":27,"minecraft:string":4,"minecraft:cooked_mutton":2,"minecraft:bone":2,"minecraft:wheat_seeds":1,"minecraft:cobbled_deepslate":302,"minecraft:raw_gold":3,"minecraft:beef":8,"minecraft:lectern":1,"minecraft:poppy":1,"minecraft:mossy_stone_bricks":1,"minecraft:iron_pickaxe":1,"minecraft:sugar_cane":2,"minecraft:chest":1,"minecraft:birch_sapling":4,"minecraft:flowering_azalea":1,"minecraft:furnace":3,"minecraft:golden_helmet":1,"minecraft:stick":2,"minecraft:raw_iron":83,"minecraft:cooked_porkchop":2,"minecraft:dandelion":1,"minecraft:gravel":27,"minecraft:porkchop":18,"minecraft:diorite":8,"minecraft:white_bed":2,"minecraft:spider_eye":2,"minecraft:orange_bed":2,"minecraft:arrow":1,"minecraft:rotten_flesh":2,"minecraft:diamond":6,"minecraft:peony":1,"minecraft:hay_block":5,"minecraft:granite":5,"minecraft:black_wool":4,"minecraft:mutton":5,"minecraft:coal":39,"minecraft:white_wool":10,"minecraft:cobblestone":371}},"DataVersion":3953}