{"stats":{"minecraft:crafted":{"minecraft:brick":2,"minecraft:smooth_stone":3,"minecraft:oak_planks":1928,"minecraft:cobblestone_slab":144,"minecraft:pink_bed":1,"minecraft:oak_pressure_plate":4,"minecraft:birch_boat":1,"minecraft:lightning_rod":1,"minecraft:birch_slab":60,"minecraft:stone":248,"minecraft:lever":5,"minecraft:bookshelf":19,"minecraft:warped_planks":60,"minecraft:cake":9,"minecraft:glass":395,"minecraft:hopper":29,"minecraft:bow":8,"minecraft:iron_boots":1,"minecraft:stone_pressure_plate":4,"minecraft:chest":88,"minecraft:oak_button":1,"minecraft:rail":48,"minecraft:birch_button":1,"minecraft:stone_hoe":1,"minecraft:oak_fence":75,"minecraft:smoker":1,"minecraft:oak_slab":12,"minecraft:emerald":98,"minecraft:cooked_porkchop":9,"minecraft:crafting_table":8,"minecraft:wooden_pickaxe":2,"minecraft:iron_helmet":1,"minecraft:copper_ingot":62,"minecraft:fletching_table":13,"minecraft:gold_block":2,"minecraft:hopper_minecart":3,"minecraft:birch_planks":292,"minecraft:pumpkin_seeds":12,"minecraft:painting":1,"minecraft:dispenser":9,"minecraft:emerald_block":8,"minecraft:lectern":16,"minecraft:iron_chestplate":1,"minecraft:book":73,"minecraft:paper":339,"minecraft:diamond_pickaxe":1,"minecraft:yellow_dye":2,"minecraft:shield":4,"minecraft:stick":520,"minecraft:iron_ingot":846,"minecraft:iron_pickaxe":8,"minecraft:iron_block":54,"minecraft:gold_ingot":32,"minecraft:black_bed":3,"minecraft:redstone_torch":1,"minecraft:composter":1,"minecraft:shears":6,"minecraft:oak_door":3,"minecraft:stone_shovel":3,"minecraft:fishing_rod":1,"minecraft:tripwire_hook":2,"minecraft:crimson_trapdoor":8,"minecraft:furnace":11,"minecraft:stone_button":2,"minecraft:blast_furnace":1,"minecraft:piston":22,"minecraft:yellow_bed":21,"minecraft:pink_dye":4,"minecraft:white_carpet":21,"minecraft:diamond_block":5,"minecraft:iron_axe":10,"minecraft:ladder":3,"minecraft:iron_hoe":1,"minecraft:stone_pickaxe":21,"minecraft:redstone_block":2,"minecraft:golden_helmet":1,"minecraft:observer":29,"minecraft:minecart":3,"minecraft:wheat":315,"minecraft:sugar":33,"minecraft:red_dye":1,"minecraft:crimson_planks":204,"minecraft:powered_rail":6,"minecraft:yellow_carpet":6,"minecraft:crimson_slab":18,"minecraft:blue_bed":18,"minecraft:bucket":10,"minecraft:stone_axe":4,"minecraft:enchanted_book":2,"minecraft:orange_dye":2,"minecraft:bread":149,"minecraft:blue_dye":2,"minecraft:white_wool":2230,"minecraft:oak_stairs":12,"minecraft:wooden_axe":1,"minecraft:iron_shovel":3,"minecraft:iron_leggings":1,"minecraft:white_bed":32,"minecraft:torch":28,"minecraft:orange_bed":1},"minecraft:custom":{"minecraft:animals_bred":225,"minecraft:interact_with_crafting_table":318,"minecraft:leave_game":14,"minecraft:time_since_death":72951,"minecraft:sprint_one_cm":3224071,"minecraft:damage_blocked_by_shield":8642,"minecraft:drop":262,"minecraft:talked_to_villager":554,"minecraft:play_time":1858383,"minecraft:deaths":70,"minecraft:jump":16879,"minecraft:interact_with_brewingstand":1,"minecraft:walk_on_water_one_cm":182964,"minecraft:interact_with_furnace":177,"minecraft:traded_with_villager":101,"minecraft:interact_with_cartography_table":1,"minecraft:sleep_in_bed":118,"minecraft:damage_dealt":40075,"minecraft:player_kills":20,"minecraft:crouch_one_cm":113511,"minecraft:inspect_dispenser":84,"minecraft:mob_kills":182,"minecraft:inspect_hopper":25,"minecraft:climb_one_cm":1230,"minecraft:walk_one_cm":6672105,"minecraft:sneak_time":29795,"minecraft:walk_under_water_one_cm":87777,"minecraft:boat_one_cm":630102,"minecraft:total_world_time":1858383,"minecraft:interact_with_stonecutter":1,"minecraft:time_since_rest":9586,"minecraft:damage_taken":30607,"minecraft:swim_one_cm":256532,"minecraft:fly_one_cm":2292600,"minecraft:open_chest":1415,"minecraft:fall_one_cm":397080},"minecraft:broken":{"minecraft:iron_shovel":3,"minecraft:stone_pickaxe":20,"minecraft:stone_axe":3,"minecraft:stone_shovel":1,"minecraft:wooden_pickaxe":1,"minecraft:shield":1,"minecraft:iron_axe":8,"minecraft:iron_pickaxe":5},"minecraft:dropped":{"minecraft:birch_planks":25,"minecraft:porkchop":9,"minecraft:lapis_lazuli":13,"minecraft:glow_ink_sac":3,"minecraft:crossbow":1,"minecraft:black_bed":1,"minecraft:leather":6,"minecraft:rail":9,"minecraft:leather_helmet":2,"minecraft:flint":1,"minecraft:dirt":58,"minecraft:cornflower":1,"minecraft:mutton":8,"minecraft:seagrass":64,"minecraft:bone":2,"minecraft:oak_door":2,"minecraft:gravel":1,"minecraft:stone_axe":1,"minecraft:cobbled_deepslate":88,"minecraft:pink_dye":1,"minecraft:wheat":97,"minecraft:birch_sapling":1,"minecraft:rotten_flesh":2,"minecraft:white_bed":1,"minecraft:carrot":32,"minecraft:chest":1,"minecraft:glass":33,"minecraft:arrow":3,"minecraft:beef":3,"minecraft:quartz":27,"minecraft:dead_tube_coral_block":5,"minecraft:egg":17,"minecraft:bread":5,"minecraft:wheat_seeds":65,"minecraft:minecart":1,"minecraft:cobblestone":27,"minecraft:granite":4,"minecraft:mushroom_stew":1,"minecraft:stick":33,"minecraft:diorite":8,"minecraft:string":4,"minecraft:redstone":31,"minecraft:kelp":1,"minecraft:raw_iron":1,"minecraft:dead_bubble_coral_block":1,"minecraft:shears":1,"minecraft:stone":2,"minecraft:diamond_pickaxe":1,"minecraft:andesite":21,"minecraft:oak_boat":1,"minecraft:oak_sapling":8,"minecraft:spider_eye":3,"minecraft:bow":1,"minecraft:stone_pickaxe":2,"minecraft:wooden_pickaxe":1,"minecraft:brick":1},"minecraft:picked_up":{"minecraft:wooden_axe":1,"minecraft:seagrass":95,"minecraft:wheat":718,"minecraft:redstone_block":2,"minecraft:chainmail_boots":1,"minecraft:yellow_wool":45,"minecraft:oak_stairs":5,"minecraft:crimson_planks":9,"minecraft:brewing_stand":2,"minecraft:amethyst_block":4,"minecraft:string":1262,"minecraft:dead_tube_coral_block":6,"minecraft:raw_copper":104,"minecraft:sea_pickle":8,"minecraft:gold_nugget":13,"minecraft:cobbled_deepslate":462,"minecraft:comparator":11,"minecraft:redstone_torch":2,"minecraft:cobblestone_slab":88,"minecraft:calcite":4,"minecraft:hopper_minecart":2,"minecraft:iron_pickaxe":1,"minecraft:furnace":15,"minecraft:blue_wool":32,"minecraft:golden_helmet":1,"minecraft:stick":44,"minecraft:composter":1,"minecraft:oak_fence":55,"minecraft:torch":13,"minecraft:porkchop":21,"minecraft:lightning_rod":1,"minecraft:diorite":156,"minecraft:orange_bed":2,"minecraft:rotten_flesh":77,"minecraft:iron_block":27,"minecraft:obsidian":11,"minecraft:cobblestone":2230,"minecraft:birch_log":99,"minecraft:cooked_beef":12,"minecraft:feather":178,"minecraft:lilac":1,"minecraft:repeater":5,"minecraft:andesite":63,"minecraft:black_bed":9,"minecraft:smoker":2,"minecraft:flint":39,"minecraft:tuff":75,"minecraft:lapis_lazuli":19,"minecraft:dirt":920,"minecraft:glass":37,"minecraft:bone":69,"minecraft:bow":5,"minecraft:stonecutter":2,"minecraft:wheat_seeds":1990,"minecraft:raw_gold":75,"minecraft:mossy_stone_bricks":1,"minecraft:powered_rail":3,"minecraft:oak_planks":309,"minecraft:cooked_porkchop":5,"minecraft:oak_pressure_plate":2,"minecraft:sand":435,"minecraft:diamond_block":5,"minecraft:dispenser":5,"minecraft:diamond":53,"minecraft:lever":10,"minecraft:crossbow":1,"minecraft:granite":49,"minecraft:bone_meal":3,"minecraft:emerald":68,"minecraft:bread":4,"minecraft:crimson_roots":1,"minecraft:oak_sapling":34,"minecraft:netherrack":526,"minecraft:diamond_pickaxe":2,"minecraft:fishing_rod":1,"minecraft:crafting_table":50,"minecraft:azure_bluet":4,"minecraft:ominous_bottle":3,"minecraft:chicken":3,"minecraft:leather_leggings":2,"minecraft:pink_wool":8,"minecraft:gold_block":1,"minecraft:crimson_trapdoor":2,"minecraft:brick":1,"minecraft:cornflower":5,"minecraft:oak_trapdoor":27,"minecraft:blackstone":3,"minecraft:white_carpet":7,"minecraft:iron_shovel":1,"minecraft:beef":13,"minecraft:oak_boat":9,"minecraft:observer":12,"minecraft:poppy":5,"minecraft:minecart":28,"minecraft:lectern":222,"minecraft:sugar_cane":106,"minecraft:chest":15,"minecraft:birch_sapling":4,"minecraft:piston":7,"minecraft:egg":3734,"minecraft:raw_iron":415,"minecraft:stone":129,"minecraft:oak_door":13,"minecraft:bowl":3,"minecraft:stone_button":2,"minecraft:carrot":2525,"minecraft:redstone":261,"minecraft:weeping_vines":1,"minecraft:arrow":59,"minecraft:stone_shovel":1,"minecraft:peony":3,"minecraft:shears":2,"minecraft:hay_block":35,"minecraft:gold_ingot":10,"minecraft:mutton":12,"minecraft:rail":371,"minecraft:white_wool":69,"minecraft:oxeye_daisy":3,"minecraft:glow_ink_sac":22,"minecraft:crimson_stem":51,"minecraft:leather":14,"minecraft:birch_planks":110,"minecraft:mushroom_stew":7,"minecraft:oak_log":484,"minecraft:yellow_glazed_terracotta":12,"minecraft:yellow_bed":5,"minecraft:nether_wart_block":5,"minecraft:gunpowder":42,"minecraft:blue_bed":5,"minecraft:white_banner":3,"minecraft:cooked_mutton":2,"minecraft:coast_armor_trim_smithing_template":2,"minecraft:apple":4,"minecraft:kelp":1,"minecraft:warped_stem":15,"minecraft:iron_ingot":16,"minecraft:stone_pickaxe":2,"minecraft:cooked_chicken":165,"minecraft:glass_bottle":2,"minecraft:flowering_azalea":1,"minecraft:tropical_fish_bucket":2,"minecraft:pink_bed":6,"minecraft:birch_boat":1,"minecraft:pumpkin":96,"minecraft:quartz":38,"minecraft:dandelion":28,"minecraft:gravel":337,"minecraft:lava_bucket":1,"minecraft:amethyst_shard":8,"minecraft:blast_furnace":7,"minecraft:white_bed":5,"minecraft:spider_eye":8,"minecraft:leather_helmet":3,"minecraft:stone_axe":1,"minecraft:dead_bubble_coral_block":1,"minecraft:painting":2,"minecraft:warped_roots":1,"minecraft:black_wool":15,"minecraft:coal":352,"minecraft:hopper":18},"minecraft:killed":{"minecraft:cave_spider":2,"minecraft:zombified_piglin":2,"minecraft:witch":2,"minecraft:spider":27,"minecraft:skeleton":41,"minecraft:chicken":5,"minecraft:piglin":1,"minecraft:pig":9,"minecraft:zombie_villager":1,"minecraft:iron_golem":2,"minecraft:creeper":22,"minecraft:sheep":5,"minecraft:pillager":4,"minecraft:zombie":42,"minecraft:cow":11,"minecraft:villager":2},"minecraft:killed_by":{"minecraft:creeper":7,"minecraft:pillager":2,"minecraft:piglin":1,"minecraft:zombie":9,"minecraft:player":14,"minecraft:spider":1,"minecraft:enderman":1,"minecraft:skeleton":14},"minecraft:used":{"minecraft:peony":1,"minecraft:iron_shovel":822,"minecraft:dispenser":14,"minecraft:ladder":3,"minecraft:poppy":2,"minecraft:shield":149,"minecraft:chest":72,"minecraft:stone":291,"minecraft:rotten_flesh":1,"minecraft:mutton":2,"minecraft:tuff":29,"minecraft:carrot":755,"minecraft:azure_bluet":4,"minecraft:obsidian":11,"minecraft:glass":387,"minecraft:birch_sapling":1,"minecraft:hopper_minecart":6,"minecraft:pink_wool":3,"minecraft:birch_button":1,"minecraft:repeater":5,"minecraft:bow":8,"minecraft:oak_sapling":18,"minecraft:furnace":24,"minecraft:egg":1566,"minecraft:diorite":12,"minecraft:oak_planks":839,"minecraft:stone_pickaxe":2588,"minecraft:powered_rail":8,"minecraft:wooden_pickaxe":104,"minecraft:redstone_block":4,"minecraft:composter":2,"minecraft:sugar_cane":47,"minecraft:blue_bed":23,"minecraft:white_wool":2147,"minecraft:sand":4,"minecraft:blast_furnace":8,"minecraft:mushroom_stew":61,"minecraft:black_bed":9,"minecraft:shears":4,"minecraft:pumpkin_seeds":12,"minecraft:lightning_rod":2,"minecraft:redstone_torch":2,"minecraft:lever":11,"minecraft:stone_button":4,"minecraft:string":7,"minecraft:bread":150,"minecraft:lectern":238,"minecraft:oak_pressure_plate":4,"minecraft:gravel":298,"minecraft:golden_helmet":1,"minecraft:nether_wart_block":4,"minecraft:andesite":4,"minecraft:oak_boat":6,"minecraft:tropical_fish_bucket":3,"minecraft:bone_meal":18,"minecraft:oak_fence":105,"minecraft:oak_trapdoor":27,"minecraft:dead_tube_coral_block":1,"minecraft:flint_and_steel":31,"minecraft:stone_shovel":193,"minecraft:redstone":54,"minecraft:stone_hoe":34,"minecraft:netherrack":308,"minecraft:oak_door":10,"minecraft:orange_bed":2,"minecraft:torch":41,"minecraft:brewing_stand":2,"minecraft:dirt":594,"minecraft:white_carpet":26,"minecraft:hopper":44,"minecraft:yellow_carpet":6,"minecraft:granite":6,"minecraft:iron_hoe":52,"minecraft:wooden_axe":19,"minecraft:flowering_azalea":1,"minecraft:iron_axe":1618,"minecraft:oak_stairs":11,"minecraft:crimson_planks":70,"minecraft:melon_seeds":9,"minecraft:tripwire_hook":2,"minecraft:minecart":27,"minecraft:stone_pressure_plate":4,"minecraft:cooked_beef":23,"minecraft:observer":42,"minecraft:cobbled_deepslate":155,"minecraft:acacia_planks":1,"minecraft:wheat_seeds":719,"minecraft:cooked_mutton":6,"minecraft:water_bucket":75,"minecraft:birch_planks":55,"minecraft:blue_wool":428,"minecraft:birch_boat":2,"minecraft:cobblestone_slab":209,"minecraft:fletching_table":13,"minecraft:stonecutter":2,"minecraft:rail":396,"minecraft:comparator":10,"minecraft:crafting_table":56,"minecraft:crimson_trapdoor":10,"minecraft:white_bed":34,"minecraft:painting":3,"minecraft:cake":9,"minecraft:smoker":3,"minecraft:oak_log":2,"minecraft:piston":29,"minecraft:cornflower":2,"minecraft:diamond_pickaxe":88,"minecraft:oxeye_daisy":2,"minecraft:oak_button":1,"minecraft:iron_pickaxe":1453,"minecraft:yellow_wool":406,"minecraft:stone_axe":300,"minecraft:pink_bed":7,"minecraft:fishing_rod":6,"minecraft:cobblestone":833,"minecraft:white_banner":2,"minecraft:cooked_porkchop":10,"minecraft:bucket":88,"minecraft:yellow_bed":26,"minecraft:dandelion":12},"minecraft:mined":{"minecraft:white_bed":6,"minecraft:farmland":10,"minecraft:pink_bed":6,"minecraft:brewing_stand":2,"minecraft:obsidian":1,"minecraft:granite":49,"minecraft:budding_amethyst":2,"minecraft:grass_block":236,"minecraft:crimson_trapdoor":2,"minecraft:oak_pressure_plate":2,"minecraft:tube_coral_block":10,"minecraft:bubble_coral_block":2,"minecraft:blue_wool":17,"minecraft:composter":1,"minecraft:hopper":18,"minecraft:oxeye_daisy":1,"minecraft:weeping_vines_plant":1,"minecraft:tall_seagrass":2,"minecraft:iron_ore":252,"minecraft:cobbled_deepslate":12,"minecraft:fire":361,"minecraft:pumpkin":97,"minecraft:azure_bluet":4,"minecraft:flowering_azalea_leaves":9,"minecraft:dirt_path":1,"minecraft:oak_stairs":4,"minecraft:azalea_leaves":18,"minecraft:orange_bed":2,"minecraft:tripwire":3,"minecraft:deepslate_redstone_ore":33,"minecraft:smoker":2,"minecraft:crimson_nylium":4,"minecraft:torch":1,"minecraft:blast_furnace":7,"minecraft:calcite":2,"minecraft:poppy":3,"minecraft:chest":14,"minecraft:glass":33,"minecraft:nether_quartz_ore":37,"minecraft:cobblestone":281,"minecraft:oak_planks":160,"minecraft:sugar_cane":77,"minecraft:wall_torch":5,"minecraft:amethyst_block":2,"minecraft:seagrass":1,"minecraft:warped_nylium":2,"minecraft:fire_coral_fan":1,"minecraft:repeater":4,"minecraft:powered_rail":3,"minecraft:nether_wart_block":5,"minecraft:yellow_wool":22,"minecraft:birch_log":96,"minecraft:wheat":717,"minecraft:black_bed":6,"minecraft:yellow_glazed_terracotta":6,"minecraft:oak_log":421,"minecraft:sand":403,"minecraft:dirt":509,"minecraft:crimson_planks":9,"minecraft:dispenser":4,"minecraft:stonecutter":2,"minecraft:netherrack":305,"minecraft:piston":7,"minecraft:oak_leaves":24,"minecraft:deepslate":294,"minecraft:suspicious_gravel":3,"minecraft:nether_gold_ore":4,"minecraft:tuff":49,"minecraft:deepslate_diamond_ore":50,"minecraft:oak_door":6,"minecraft:lever":8,"minecraft:stone_button":2,"minecraft:crimson_roots":1,"minecraft:redstone_wire":31,"minecraft:crimson_stem":55,"minecraft:hay_block":35,"minecraft:redstone_ore":14,"minecraft:oak_trapdoor":27,"minecraft:furnace":14,"minecraft:carrots":707,"minecraft:nether_sprouts":1,"minecraft:andesite":40,"minecraft:peony":3,"minecraft:gold_block":1,"minecraft:deepslate_iron_ore":138,"minecraft:cobblestone_slab":89,"minecraft:rail":364,"minecraft:warped_stem":17,"minecraft:brain_coral_wall_fan":1,"minecraft:stone":1648,"minecraft:white_wool":42,"minecraft:brain_coral":1,"minecraft:redstone_block":2,"minecraft:comparator":9,"minecraft:observer":12,"minecraft:dandelion":19,"minecraft:oak_fence":57,"minecraft:fire_coral":1,"minecraft:crafting_table":46,"minecraft:cornflower":3,"minecraft:short_grass":179,"minecraft:warped_roots":1,"minecraft:lectern":222,"minecraft:lightning_rod":1,"minecraft:brain_coral_fan":1,"minecraft:copper_ore":26,"minecraft:tall_grass":31,"minecraft:lapis_ore":1,"minecraft:deepslate_gold_ore":43,"minecraft:diorite":152,"minecraft:blue_bed":5,"minecraft:birch_planks":53,"minecraft:sea_pickle":2,"minecraft:redstone_torch":2,"minecraft:white_carpet":3,"minecraft:birch_leaves":3,"minecraft:yellow_bed":5,"minecraft:coal_ore":215,"minecraft:bubble_coral_wall_fan":1,"minecraft:gravel":344,"minecraft:mossy_stone_bricks":1,"minecraft:gold_ore":6}},"DataVersion":3953}