{"stats":{"minecraft:mined":{"minecraft:grass_block":1,"minecraft:coal_ore":23,"minecraft:tuff":9,"minecraft:dirt":4,"minecraft:iron_ore":3,"minecraft:birch_log":24,"minecraft:andesite":12,"minecraft:stone":101,"minecraft:birch_leaves":2,"minecraft:deepslate":163,"minecraft:diorite":8},"minecraft:custom":{"minecraft:time_since_rest":14693,"minecraft:play_time":14693,"minecraft:sprint_one_cm":3145,"minecraft:walk_one_cm":18741,"minecraft:jump":151,"minecraft:fly_one_cm":2391,"minecraft:time_since_death":14693,"minecraft:total_world_time":14693,"minecraft:interact_with_crafting_table":3,"minecraft:fall_one_cm":269},"minecraft:broken":{"minecraft:stone_pickaxe":2,"minecraft:wooden_pickaxe":1},"minecraft:used":{"minecraft:stone_axe":18,"minecraft:dirt":2,"minecraft:crafting_table":1,"minecraft:stone_pickaxe":262,"minecraft:birch_sapling":1,"minecraft:wooden_pickaxe":59,"minecraft:cobbled_deepslate":90},"minecraft:crafted":{"minecraft:stone_shovel":1,"minecraft:birch_planks":28,"minecraft:stone_axe":1,"minecraft:crafting_table":1,"minecraft:stick":12,"minecraft:wooden_pickaxe":1,"minecraft:stone_pickaxe":2,"minecraft:wooden_axe":1},"minecraft:picked_up":{"minecraft:birch_log":24,"minecraft:raw_iron":3,"minecraft:andesite":12,"minecraft:cobbled_deepslate":161,"minecraft:tuff":9,"minecraft:diorite":8,"minecraft:coal":23,"minecraft:birch_sapling":1,"minecraft:dirt":5,"minecraft:cobblestone":101}},"DataVersion":3953}