{"stats":{"minecraft:mined":{"minecraft:tuff":10,"minecraft:white_bed":2,"minecraft:pink_bed":2,"minecraft:deepslate_diamond_ore":6,"minecraft:oak_door":2,"minecraft:brewing_stand":1,"minecraft:granite":5,"minecraft:grass_block":6,"minecraft:bubble_coral_block":2,"minecraft:tube_coral_block":10,"minecraft:hay_block":35,"minecraft:furnace":3,"minecraft:iron_ore":44,"minecraft:cobbled_deepslate":11,"minecraft:andesite":24,"minecraft:peony":1,"minecraft:deepslate_iron_ore":14,"minecraft:flowering_azalea_leaves":9,"minecraft:brain_coral_wall_fan":1,"minecraft:azalea_leaves":18,"minecraft:stone":197,"minecraft:orange_bed":2,"minecraft:dandelion":1,"minecraft:crafting_table":7,"minecraft:short_grass":14,"minecraft:poppy":1,"minecraft:chest":2,"minecraft:lectern":2,"minecraft:brain_coral_fan":1,"minecraft:cobblestone":14,"minecraft:sugar_cane":1,"minecraft:diorite":8,"minecraft:fire_coral_fan":1,"minecraft:sea_pickle":1,"minecraft:birch_log":58,"minecraft:wheat":19,"minecraft:birch_leaves":2,"minecraft:black_bed":1,"minecraft:yellow_glazed_terracotta":6,"minecraft:coal_ore":39,"minecraft:bubble_coral_wall_fan":1,"minecraft:gravel":16,"minecraft:dirt":13,"minecraft:stonecutter":1,"minecraft:mossy_stone_bricks":1,"minecraft:gold_ore":3,"minecraft:deepslate":217,"minecraft:suspicious_gravel":3},"minecraft:killed":{"minecraft:spider":5,"minecraft:skeleton":1,"minecraft:pig":9,"minecraft:sheep":4,"minecraft:pillager":4,"minecraft:zombie":6,"minecraft:cow":7},"minecraft:custom":{"minecraft:mob_kills":36,"minecraft:interact_with_crafting_table":21,"minecraft:leave_game":1,"minecraft:time_since_death":2081,"minecraft:sprint_one_cm":375750,"minecraft:walk_one_cm":167707,"minecraft:damage_blocked_by_shield":330,"minecraft:drop":33,"minecraft:play_time":206606,"minecraft:sneak_time":721,"minecraft:deaths":13,"minecraft:walk_under_water_one_cm":19202,"minecraft:boat_one_cm":311198,"minecraft:jump":1510,"minecraft:walk_on_water_one_cm":24739,"minecraft:total_world_time":206606,"minecraft:interact_with_furnace":32,"minecraft:interact_with_cartography_table":1,"minecraft:sleep_in_bed":6,"minecraft:time_since_rest":2103,"minecraft:damage_taken":5272,"minecraft:damage_dealt":4850,"minecraft:fly_one_cm":257238,"minecraft:swim_one_cm":152064,"minecraft:open_chest":13,"minecraft:crouch_one_cm":3018,"minecraft:fall_one_cm":50025},"minecraft:broken":{"minecraft:wooden_pickaxe":1,"minecraft:stone_pickaxe":2,"minecraft:stone_axe":1},"minecraft:used":{"minecraft:stone_shovel":19,"minecraft:shield":5,"minecraft:oak_door":1,"minecraft:orange_bed":2,"minecraft:dirt":9,"minecraft:granite":1,"minecraft:wooden_axe":19,"minecraft:iron_axe":3,"minecraft:birch_sapling":1,"minecraft:furnace":5,"minecraft:cooked_beef":12,"minecraft:cobbled_deepslate":118,"minecraft:cooked_mutton":1,"minecraft:water_bucket":30,"minecraft:stone_pickaxe":416,"minecraft:birch_boat":1,"minecraft:wooden_pickaxe":104,"minecraft:crafting_table":10,"minecraft:white_bed":1,"minecraft:black_bed":1,"minecraft:shears":2,"minecraft:iron_pickaxe":105,"minecraft:gravel":2,"minecraft:stone_axe":153,"minecraft:pink_bed":3,"minecraft:cobblestone":64,"minecraft:cooked_porkchop":7,"minecraft:bucket":35,"minecraft:tropical_fish_bucket":3},"minecraft:killed_by":{"minecraft:player":2,"minecraft:creeper":3,"minecraft:pillager":1,"minecraft:skeleton":4},"minecraft:crafted":{"minecraft:stone_shovel":1,"minecraft:pink_bed":1,"minecraft:birch_boat":1,"minecraft:furnace":2,"minecraft:pink_dye":2,"minecraft:iron_axe":1,"minecraft:stone_pickaxe":4,"minecraft:red_dye":1,"minecraft:cooked_porkchop":9,"minecraft:crafting_table":3,"minecraft:wooden_pickaxe":2,"minecraft:bucket":2,"minecraft:birch_planks":88,"minecraft:stone_axe":3,"minecraft:orange_dye":2,"minecraft:bread":8,"minecraft:yellow_dye":1,"minecraft:shield":1,"minecraft:stick":40,"minecraft:iron_ingot":21,"minecraft:iron_pickaxe":2,"minecraft:wooden_axe":1,"minecraft:black_bed":1,"minecraft:white_bed":1,"minecraft:orange_bed":1,"minecraft:shears":1},"minecraft:dropped":{"minecraft:porkchop":9,"minecraft:wheat_seeds":1,"minecraft:lapis_lazuli":13,"minecraft:crossbow":1,"minecraft:cobblestone":4,"minecraft:leather":6,"minecraft:granite":4,"minecraft:stick":10,"minecraft:flint":1,"minecraft:diorite":8,"minecraft:mutton":5,"minecraft:seagrass":2,"minecraft:string":2,"minecraft:bone":2,"minecraft:gravel":1,"minecraft:kelp":1,"minecraft:cobbled_deepslate":13,"minecraft:pink_dye":1,"minecraft:birch_sapling":1,"minecraft:raw_iron":1,"minecraft:rotten_flesh":2,"minecraft:shears":1,"minecraft:stone":2,"minecraft:andesite":21,"minecraft:spider_eye":2,"minecraft:arrow":1,"minecraft:beef":3,"minecraft:wooden_pickaxe":1},"minecraft:picked_up":{"minecraft:wooden_axe":1,"minecraft:seagrass":2,"minecraft:crafting_table":9,"minecraft:wheat":33,"minecraft:ominous_bottle":1,"minecraft:pink_wool":4,"minecraft:brewing_stand":1,"minecraft:string":4,"minecraft:dead_tube_coral_block":6,"minecraft:cobbled_deepslate":302,"minecraft:beef":8,"minecraft:poppy":1,"minecraft:iron_pickaxe":1,"minecraft:lectern":2,"minecraft:sugar_cane":2,"minecraft:chest":2,"minecraft:birch_sapling":4,"minecraft:furnace":4,"minecraft:golden_helmet":1,"minecraft:raw_iron":83,"minecraft:stick":2,"minecraft:stone":2,"minecraft:oak_door":1,"minecraft:porkchop":18,"minecraft:diorite":8,"minecraft:orange_bed":2,"minecraft:arrow":1,"minecraft:rotten_flesh":2,"minecraft:peony":1,"minecraft:shears":1,"minecraft:hay_block":35,"minecraft:mutton":5,"minecraft:white_wool":10,"minecraft:cobblestone":371,"minecraft:birch_log":61,"minecraft:cooked_beef":12,"minecraft:andesite":47,"minecraft:black_bed":1,"minecraft:leather":10,"minecraft:flint":2,"minecraft:tuff":22,"minecraft:yellow_glazed_terracotta":6,"minecraft:lapis_lazuli":13,"minecraft:dirt":27,"minecraft:white_banner":1,"minecraft:cooked_mutton":2,"minecraft:bone":2,"minecraft:kelp":1,"minecraft:stonecutter":1,"minecraft:wheat_seeds":1,"minecraft:raw_gold":3,"minecraft:mossy_stone_bricks":1,"minecraft:flowering_azalea":1,"minecraft:pink_bed":2,"minecraft:cooked_porkchop":2,"minecraft:dandelion":1,"minecraft:gravel":27,"minecraft:white_bed":2,"minecraft:spider_eye":2,"minecraft:diamond":6,"minecraft:dead_bubble_coral_block":1,"minecraft:crossbow":1,"minecraft:granite":5,"minecraft:emerald":1,"minecraft:black_wool":9,"minecraft:coal":39}},"DataVersion":3953}